"","unit","a","x","y","yb"
"1",1,-1.1914246430069,-4,-8.43185916498807,0
"2",1,-1.1914246430069,-3.73333333333333,-9.34554729313212,0
"3",1,-1.1914246430069,-3.46666666666667,-8.27489781384956,0
"4",1,-1.1914246430069,-3.2,-7.80080261298297,0
"5",1,-1.1914246430069,-2.93333333333333,-8.09507414682979,0
"6",1,-1.1914246430069,-2.66666666666667,-5.55772348735584,0
"7",1,-1.1914246430069,-2.4,-5.39636403739839,0
"8",1,-1.1914246430069,-2.13333333333333,-5.63441606812807,0
"9",1,-1.1914246430069,-1.86666666666667,-3.9888552822986,0
"10",1,-1.1914246430069,-1.6,-1.84400515691633,0
"11",1,-1.1914246430069,-1.33333333333333,-2.65069023308081,0
"12",1,-1.1914246430069,-1.06666666666667,-2.05063169599164,0
"13",1,-1.1914246430069,-0.8,-0.884454652060046,0
"14",1,-1.1914246430069,-0.533333333333333,-1.11654552838273,0
"15",1,-1.1914246430069,-0.266666666666667,-0.127223701232149,0
"16",1,-1.1914246430069,0,1.64407338550796,1
"17",1,-1.1914246430069,0.266666666666667,1.11442598240031,1
"18",1,-1.1914246430069,0.533333333333333,3.62116828251379,1
"19",1,-1.1914246430069,0.8,3.8604419941304,1
"20",1,-1.1914246430069,1.06666666666667,4.99579117175563,1
"21",1,-1.1914246430069,1.33333333333333,4.30848951854081,1
"22",1,-1.1914246430069,1.6,5.86968798299244,1
"23",1,-1.1914246430069,1.86666666666667,6.94382824448489,1
"24",1,-1.1914246430069,2.13333333333333,6.17127862522926,1
"25",1,-1.1914246430069,2.4,7.66210788335795,1
"26",1,-1.1914246430069,2.66666666666667,8.47511069903154,1
"27",1,-1.1914246430069,2.93333333333333,9.96010370263587,1
"28",1,-1.1914246430069,3.2,9.07362443857586,1
"29",1,-1.1914246430069,3.46666666666667,9.90521657130988,1
"30",1,-1.1914246430069,3.73333333333333,11.5839104712029,1
"31",2,0.54930054906047,-4,-8.33243328416852,0
"32",2,0.54930054906047,-3.73333333333333,-9.46926886646918,0
"33",2,0.54930054906047,-3.46666666666667,-8.43641214857032,0
"34",2,0.54930054906047,-3.2,-8.17559293323761,0
"35",2,0.54930054906047,-2.93333333333333,-7.04940287472374,0
"36",2,0.54930054906047,-2.66666666666667,-6.57484901934742,0
"37",2,0.54930054906047,-2.4,-4.78922252137211,0
"38",2,0.54930054906047,-2.13333333333333,-4.29086571613221,0
"39",2,0.54930054906047,-1.86666666666667,-3.98530835961584,0
"40",2,0.54930054906047,-1.6,-3.55609036563835,0
"41",2,0.54930054906047,-1.33333333333333,-3.00850086160538,0
"42",2,0.54930054906047,-1.06666666666667,-1.949421155595,0
"43",2,0.54930054906047,-0.8,-0.907477507961532,0
"44",2,0.54930054906047,-0.533333333333333,-1.15825948762363,0
"45",2,0.54930054906047,-0.266666666666667,-0.668107277849156,0
"46",2,0.54930054906047,0,0.791179583446451,1
"47",2,0.54930054906047,0.266666666666667,0.44145415336305,0
"48",2,0.54930054906047,0.533333333333333,2.2892297956332,1
"49",2,0.54930054906047,0.8,2.76553034701823,1
"50",2,0.54930054906047,1.06666666666667,2.31389338865572,1
"51",2,0.54930054906047,1.33333333333333,3.05629446852792,1
"52",2,0.54930054906047,1.6,2.82956686558861,1
"53",2,0.54930054906047,1.86666666666667,5.31946931797443,1
"54",2,0.54930054906047,2.13333333333333,6.15848100694278,1
"55",2,0.54930054906047,2.4,5.97028452243513,1
"56",2,0.54930054906047,2.66666666666667,7.29345317139022,1
"57",2,0.54930054906047,2.93333333333333,7.94660878854754,1
"58",2,0.54930054906047,3.2,9.30798073371012,1
"59",2,0.54930054906047,3.46666666666667,7.70717211107786,1
"60",2,0.54930054906047,3.73333333333333,10.3619889131562,1
"61",3,-0.0624051433043367,-4,-11.0955747325331,0
"62",3,-0.0624051433043367,-3.73333333333333,-11.6562245600724,0
"63",3,-0.0624051433043367,-3.46666666666667,-10.8147262683429,0
"64",3,-0.0624051433043367,-3.2,-8.65795805889385,0
"65",3,-0.0624051433043367,-2.93333333333333,-9.07673274618595,0
"66",3,-0.0624051433043367,-2.66666666666667,-7.30169325264346,0
"67",3,-0.0624051433043367,-2.4,-7.90404009396498,0
"68",3,-0.0624051433043367,-2.13333333333333,-5.19412766899514,0
"69",3,-0.0624051433043367,-1.86666666666667,-5.89407014317239,0
"70",3,-0.0624051433043367,-1.6,-3.66961315329939,0
"71",3,-0.0624051433043367,-1.33333333333333,-3.5212537412632,0
"72",3,-0.0624051433043367,-1.06666666666667,-2.03303115079266,0
"73",3,-0.0624051433043367,-0.8,-2.05617899519042,0
"74",3,-0.0624051433043367,-0.533333333333333,-0.562279900935105,0
"75",3,-0.0624051433043367,-0.266666666666667,-0.253581986944668,0
"76",3,-0.0624051433043367,0,0.970068242990442,1
"77",3,-0.0624051433043367,0.266666666666667,1.43323581400383,1
"78",3,-0.0624051433043367,0.533333333333333,2.870136557952,1
"79",3,-0.0624051433043367,0.8,2.29742921368616,1
"80",3,-0.0624051433043367,1.06666666666667,4.3785655938561,1
"81",3,-0.0624051433043367,1.33333333333333,5.98500603577077,1
"82",3,-0.0624051433043367,1.6,6.84851115777645,1
"83",3,-0.0624051433043367,1.86666666666667,5.16636636990703,1
"84",3,-0.0624051433043367,2.13333333333333,8.46052866404357,1
"85",3,-0.0624051433043367,2.4,8.74482104207409,1
"86",3,-0.0624051433043367,2.66666666666667,8.51514251593169,1
"87",3,-0.0624051433043367,2.93333333333333,10.5185918649406,1
"88",3,-0.0624051433043367,3.2,11.988830450864,1
"89",3,-0.0624051433043367,3.46666666666667,12.5078511797283,1
"90",3,-0.0624051433043367,3.73333333333333,13.1477861342112,1
"91",4,0.265441500164641,-4,-12.2241532209628,0
"92",4,0.265441500164641,-3.73333333333333,-11.644513491422,0
"93",4,0.265441500164641,-3.46666666666667,-12.4333908002987,0
"94",4,0.265441500164641,-3.2,-10.8593443770893,0
"95",4,0.265441500164641,-2.93333333333333,-8.72292797425278,0
"96",4,0.265441500164641,-2.66666666666667,-9.32060810656972,0
"97",4,0.265441500164641,-2.4,-7.4236770922182,0
"98",4,0.265441500164641,-2.13333333333333,-7.06688571864284,0
"99",4,0.265441500164641,-1.86666666666667,-5.78664986241443,0
"100",4,0.265441500164641,-1.6,-6.19493085079664,0
"101",4,0.265441500164641,-1.33333333333333,-3.6784728292657,0
"102",4,0.265441500164641,-1.06666666666667,-4.15197480245246,0
"103",4,0.265441500164641,-0.8,-3.04275277890898,0
"104",4,0.265441500164641,-0.533333333333333,-0.881265327818215,0
"105",4,0.265441500164641,-0.266666666666667,0.497312443150645,1
"106",4,0.265441500164641,0,1.80178320007298,1
"107",4,0.265441500164641,0.266666666666667,3.16844948876993,1
"108",4,0.265441500164641,0.533333333333333,2.85906791239655,1
"109",4,0.265441500164641,0.8,4.64748402364798,1
"110",4,0.265441500164641,1.06666666666667,4.01345983886017,1
"111",4,0.265441500164641,1.33333333333333,7.90508466540958,1
"112",4,0.265441500164641,1.6,7.4924714898298,1
"113",4,0.265441500164641,1.86666666666667,7.80151188584313,1
"114",4,0.265441500164641,2.13333333333333,9.79560116172985,1
"115",4,0.265441500164641,2.4,10.78446873733,1
"116",4,0.265441500164641,2.66666666666667,10.6574792626763,1
"117",4,0.265441500164641,2.93333333333333,10.4610865841798,1
"118",4,0.265441500164641,3.2,12.9314520409402,1
"119",4,0.265441500164641,3.46666666666667,13.7726107344443,1
"120",4,0.265441500164641,3.73333333333333,14.1950408833902,1
"121",5,-0.23459750722921,-4,-12.9231887449244,0
"122",5,-0.23459750722921,-3.73333333333333,-11.4605023361598,0
"123",5,-0.23459750722921,-3.46666666666667,-9.01553819938914,0
"124",5,-0.23459750722921,-3.2,-10.335145432461,0
"125",5,-0.23459750722921,-2.93333333333333,-8.72935512073025,0
"126",5,-0.23459750722921,-2.66666666666667,-8.15602873997137,0
"127",5,-0.23459750722921,-2.4,-8.40338232113147,0
"128",5,-0.23459750722921,-2.13333333333333,-7.20175898271218,0
"129",5,-0.23459750722921,-1.86666666666667,-6.13288997535612,0
"130",5,-0.23459750722921,-1.6,-3.50396432418086,0
"131",5,-0.23459750722921,-1.33333333333333,-5.62394277829074,0
"132",5,-0.23459750722921,-1.06666666666667,-2.59281066072211,0
"133",5,-0.23459750722921,-0.8,-1.94744100364461,0
"134",5,-0.23459750722921,-0.533333333333333,-1.4795060244413,0
"135",5,-0.23459750722921,-0.266666666666667,-1.23894392869751,0
"136",5,-0.23459750722921,0,0.723995437638204,1
"137",5,-0.23459750722921,0.266666666666667,3.03235514015719,1
"138",5,-0.23459750722921,0.533333333333333,2.73860781089408,1
"139",5,-0.23459750722921,0.8,3.76462301086212,1
"140",5,-0.23459750722921,1.06666666666667,5.77511538526122,1
"141",5,-0.23459750722921,1.33333333333333,4.89152470798502,1
"142",5,-0.23459750722921,1.6,4.8581828441493,1
"143",5,-0.23459750722921,1.86666666666667,7.69172317479938,1
"144",5,-0.23459750722921,2.13333333333333,8.70227200429831,1
"145",5,-0.23459750722921,2.4,9.71279665920076,1
"146",5,-0.23459750722921,2.66666666666667,12.6890013439534,1
"147",5,-0.23459750722921,2.93333333333333,12.4605743779242,1
"148",5,-0.23459750722921,3.2,12.5072529726924,1
"149",5,-0.23459750722921,3.46666666666667,13.8926335245701,1
"150",5,-0.23459750722921,3.73333333333333,15.2866446309015,1
"151",6,-0.997271595419064,-4,-11.3115633111993,0
"152",6,-0.997271595419064,-3.73333333333333,-10.0113843683631,0
"153",6,-0.997271595419064,-3.46666666666667,-9.14486719070251,0
"154",6,-0.997271595419064,-3.2,-8.25923724596362,0
"155",6,-0.997271595419064,-2.93333333333333,-7.13346926078294,0
"156",6,-0.997271595419064,-2.66666666666667,-6.8339744221883,0
"157",6,-0.997271595419064,-2.4,-5.55612863974354,0
"158",6,-0.997271595419064,-2.13333333333333,-5.68985195124506,0
"159",6,-0.997271595419064,-1.86666666666667,-3.56782903801953,0
"160",6,-0.997271595419064,-1.6,-3.58941419649064,0
"161",6,-0.997271595419064,-1.33333333333333,-2.93772321743584,0
"162",6,-0.997271595419064,-1.06666666666667,-1.45049285071109,0
"163",6,-0.997271595419064,-0.8,-0.4824677080151,0
"164",6,-0.997271595419064,-0.533333333333333,-0.000442455209642978,0
"165",6,-0.997271595419064,-0.266666666666667,0.236621346896443,0
"166",6,-0.997271595419064,0,0.890315523556087,1
"167",6,-0.997271595419064,0.266666666666667,1.63700492642418,1
"168",6,-0.997271595419064,0.533333333333333,3.22020841118476,1
"169",6,-0.997271595419064,0.8,3.70897448669379,1
"170",6,-0.997271595419064,1.06666666666667,4.96732424986687,1
"171",6,-0.997271595419064,1.33333333333333,6.71255124448874,1
"172",6,-0.997271595419064,1.6,5.90342662504832,1
"173",6,-0.997271595419064,1.86666666666667,7.44751727951657,1
"174",6,-0.997271595419064,2.13333333333333,8.03594580480952,1
"175",6,-0.997271595419064,2.4,8.67543960031406,1
"176",6,-0.997271595419064,2.66666666666667,8.65460598645714,1
"177",6,-0.997271595419064,2.93333333333333,11.6619723617706,1
"178",6,-0.997271595419064,3.2,11.5555191635486,1
"179",6,-0.997271595419064,3.46666666666667,12.391237850721,1
"180",6,-0.997271595419064,3.73333333333333,12.1490055257544,1
"181",7,-1.39796524707371,-4,-8.34855812198854,0
"182",7,-1.39796524707371,-3.73333333333333,-7.48867973358266,0
"183",7,-1.39796524707371,-3.46666666666667,-6.78212889131164,0
"184",7,-1.39796524707371,-3.2,-6.25774446451569,0
"185",7,-1.39796524707371,-2.93333333333333,-6.52013841911485,0
"186",7,-1.39796524707371,-2.66666666666667,-5.69679849627237,0
"187",7,-1.39796524707371,-2.4,-4.28177024531659,0
"188",7,-1.39796524707371,-2.13333333333333,-3.87477753780628,0
"189",7,-1.39796524707371,-1.86666666666667,-5.00084811649213,0
"190",7,-1.39796524707371,-1.6,-2.61802142058326,0
"191",7,-1.39796524707371,-1.33333333333333,-3.00341319616407,0
"192",7,-1.39796524707371,-1.06666666666667,-1.3208523607758,0
"193",7,-1.39796524707371,-0.8,-0.363682827262888,0
"194",7,-1.39796524707371,-0.533333333333333,-0.42019163606359,0
"195",7,-1.39796524707371,-0.266666666666667,-0.566022790865706,0
"196",7,-1.39796524707371,0,0.0935161540758062,0
"197",7,-1.39796524707371,0.266666666666667,1.00658203335334,1
"198",7,-1.39796524707371,0.533333333333333,3.37404487621242,1
"199",7,-1.39796524707371,0.8,4.25232834991487,1
"200",7,-1.39796524707371,1.06666666666667,3.29554363910853,1
"201",7,-1.39796524707371,1.33333333333333,4.36329980516319,1
"202",7,-1.39796524707371,1.6,5.74255853899573,1
"203",7,-1.39796524707371,1.86666666666667,6.50333793874692,1
"204",7,-1.39796524707371,2.13333333333333,5.64846154638845,1
"205",7,-1.39796524707371,2.4,7.23566902359633,1
"206",7,-1.39796524707371,2.66666666666667,7.08656409284536,1
"207",7,-1.39796524707371,2.93333333333333,7.70293600893221,1
"208",7,-1.39796524707371,3.2,8.35432012976069,1
"209",7,-1.39796524707371,3.46666666666667,8.40374973322902,1
"210",7,-1.39796524707371,3.73333333333333,10.7364227614381,1
"211",8,-0.226282183574633,-4,-10.4779761985856,0
"212",8,-0.226282183574633,-3.73333333333333,-10.2905763254295,0
"213",8,-0.226282183574633,-3.46666666666667,-9.62080065782458,0
"214",8,-0.226282183574633,-3.2,-9.47591682817703,0
"215",8,-0.226282183574633,-2.93333333333333,-6.89033716218892,0
"216",8,-0.226282183574633,-2.66666666666667,-6.91403098411039,0
"217",8,-0.226282183574633,-2.4,-6.44507585042179,0
"218",8,-0.226282183574633,-2.13333333333333,-5.22190849971756,0
"219",8,-0.226282183574633,-1.86666666666667,-4.7171076957455,0
"220",8,-0.226282183574633,-1.6,-3.57220311797123,0
"221",8,-0.226282183574633,-1.33333333333333,-2.79404747440817,0
"222",8,-0.226282183574633,-1.06666666666667,-2.56754366813458,0
"223",8,-0.226282183574633,-0.8,-1.29342807225316,0
"224",8,-0.226282183574633,-0.533333333333333,0.273677533159158,0
"225",8,-0.226282183574633,-0.266666666666667,-0.536527327808181,0
"226",8,-0.226282183574633,0,0.337642615981063,0
"227",8,-0.226282183574633,0.266666666666667,2.19765201853879,1
"228",8,-0.226282183574633,0.533333333333333,1.73089344626743,1
"229",8,-0.226282183574633,0.8,4.23496710968703,1
"230",8,-0.226282183574633,1.06666666666667,4.28127547236502,1
"231",8,-0.226282183574633,1.33333333333333,5.36161808948189,1
"232",8,-0.226282183574633,1.6,5.4640193399718,1
"233",8,-0.226282183574633,1.86666666666667,7.57060717157032,1
"234",8,-0.226282183574633,2.13333333333333,6.77867666475604,1
"235",8,-0.226282183574633,2.4,9.95903504165526,1
"236",8,-0.226282183574633,2.66666666666667,9.71370937800753,1
"237",8,-0.226282183574633,2.93333333333333,9.32940261830786,1
"238",8,-0.226282183574633,3.2,10.9591672722655,1
"239",8,-0.226282183574633,3.46666666666667,10.9725675224621,1
"240",8,-0.226282183574633,3.73333333333333,11.7670052685233,1
"241",9,0.289815186100502,-4,-11.3225696313355,0
"242",9,0.289815186100502,-3.73333333333333,-9.5153315622208,0
"243",9,0.289815186100502,-3.46666666666667,-8.82000295438231,0
"244",9,0.289815186100502,-3.2,-9.06630267186829,0
"245",9,0.289815186100502,-2.93333333333333,-7.74829567119864,0
"246",9,0.289815186100502,-2.66666666666667,-6.6227272255729,0
"247",9,0.289815186100502,-2.4,-5.92699153395788,0
"248",9,0.289815186100502,-2.13333333333333,-5.8630149067058,0
"249",9,0.289815186100502,-1.86666666666667,-4.17571337449652,0
"250",9,0.289815186100502,-1.6,-3.89251084277406,0
"251",9,0.289815186100502,-1.33333333333333,-1.84006443213039,0
"252",9,0.289815186100502,-1.06666666666667,-2.03165844278713,0
"253",9,0.289815186100502,-0.8,-1.36240023188729,0
"254",9,0.289815186100502,-0.533333333333333,-1.23126379905041,0
"255",9,0.289815186100502,-0.266666666666667,-0.580280911053023,0
"256",9,0.289815186100502,0,2.29215606225539,1
"257",9,0.289815186100502,0.266666666666667,1.00499444048092,1
"258",9,0.289815186100502,0.533333333333333,2.57416416875082,1
"259",9,0.289815186100502,0.8,2.96747831366308,1
"260",9,0.289815186100502,1.06666666666667,4.99965339330795,1
"261",9,0.289815186100502,1.33333333333333,5.66158476096472,1
"262",9,0.289815186100502,1.6,5.50971760064189,1
"263",9,0.289815186100502,1.86666666666667,8.11616787226567,1
"264",9,0.289815186100502,2.13333333333333,7.48583987145094,1
"265",9,0.289815186100502,2.4,8.21264943802401,1
"266",9,0.289815186100502,2.66666666666667,8.40685228342408,1
"267",9,0.289815186100502,2.93333333333333,10.0994154126673,1
"268",9,0.289815186100502,3.2,10.5204656360441,1
"269",9,0.289815186100502,3.46666666666667,10.2204871445177,1
"270",9,0.289815186100502,3.73333333333333,12.9550334349426,1
"271",10,0.454378374239803,-4,-10.2864940845799,0
"272",10,0.454378374239803,-3.73333333333333,-9.25033539033231,0
"273",10,0.454378374239803,-3.46666666666667,-8.68661285158219,0
"274",10,0.454378374239803,-3.2,-6.82410961802567,0
"275",10,0.454378374239803,-2.93333333333333,-6.53963976430393,0
"276",10,0.454378374239803,-2.66666666666667,-6.8563728621469,0
"277",10,0.454378374239803,-2.4,-6.59814536564152,0
"278",10,0.454378374239803,-2.13333333333333,-5.71911870305242,0
"279",10,0.454378374239803,-1.86666666666667,-3.23222071482384,0
"280",10,0.454378374239803,-1.6,-3.62399633522289,0
"281",10,0.454378374239803,-1.33333333333333,-4.17625784571888,0
"282",10,0.454378374239803,-1.06666666666667,-2.27416994349649,0
"283",10,0.454378374239803,-0.8,-0.664642047351923,0
"284",10,0.454378374239803,-0.533333333333333,-1.39729873481065,0
"285",10,0.454378374239803,-0.266666666666667,1.85125246563889,1
"286",10,0.454378374239803,0,1.08443316790299,1
"287",10,0.454378374239803,0.266666666666667,1.00559198641901,1
"288",10,0.454378374239803,0.533333333333333,2.73889114916009,1
"289",10,0.454378374239803,0.8,4.07062507447624,1
"290",10,0.454378374239803,1.06666666666667,2.29803572035789,1
"291",10,0.454378374239803,1.33333333333333,4.31220315612959,1
"292",10,0.454378374239803,1.6,4.93508883946741,1
"293",10,0.454378374239803,1.86666666666667,5.50239884916229,1
"294",10,0.454378374239803,2.13333333333333,6.46529854540297,1
"295",10,0.454378374239803,2.4,7.9526609186871,1
"296",10,0.454378374239803,2.66666666666667,7.88021519384901,1
"297",10,0.454378374239803,2.93333333333333,7.73261371357919,1
"298",10,0.454378374239803,3.2,10.2399079990544,1
"299",10,0.454378374239803,3.46666666666667,9.73383685251505,1
"300",10,0.454378374239803,3.73333333333333,10.0919771239811,1
"301",11,2.05534881928817,-4,-12.2195051515225,0
"302",11,2.05534881928817,-3.73333333333333,-10.102217841875,0
"303",11,2.05534881928817,-3.46666666666667,-9.56895548470639,0
"304",11,2.05534881928817,-3.2,-8.76145418783595,0
"305",11,2.05534881928817,-2.93333333333333,-9.27464552607821,0
"306",11,2.05534881928817,-2.66666666666667,-7.76591241801612,0
"307",11,2.05534881928817,-2.4,-6.92988806444033,0
"308",11,2.05534881928817,-2.13333333333333,-5.92752031433534,0
"309",11,2.05534881928817,-1.86666666666667,-6.18919536356089,0
"310",11,2.05534881928817,-1.6,-3.23920821234507,0
"311",11,2.05534881928817,-1.33333333333333,-4.61655242359195,0
"312",11,2.05534881928817,-1.06666666666667,-3.37135365042867,0
"313",11,2.05534881928817,-0.8,-2.31504999405523,0
"314",11,2.05534881928817,-0.533333333333333,-1.56813295278792,0
"315",11,2.05534881928817,-0.266666666666667,-0.315181698875554,0
"316",11,2.05534881928817,0,0.882153411471954,1
"317",11,2.05534881928817,0.266666666666667,1.85147736958127,1
"318",11,2.05534881928817,0.533333333333333,1.06210738977978,1
"319",11,2.05534881928817,0.8,2.19842612330295,1
"320",11,2.05534881928817,1.06666666666667,4.66782729969435,1
"321",11,2.05534881928817,1.33333333333333,4.19919680910876,1
"322",11,2.05534881928817,1.6,5.82621983965847,1
"323",11,2.05534881928817,1.86666666666667,6.02916619018967,1
"324",11,2.05534881928817,2.13333333333333,7.24534808450312,1
"325",11,2.05534881928817,2.4,8.74575695744997,1
"326",11,2.05534881928817,2.66666666666667,9.64361789730532,1
"327",11,2.05534881928817,2.93333333333333,11.8862105208594,1
"328",11,2.05534881928817,3.2,10.1255468491085,1
"329",11,2.05534881928817,3.46666666666667,11.3448423968435,1
"330",11,2.05534881928817,3.73333333333333,12.4883280633752,1
"331",12,0.910236408253583,-4,-12.7218895293313,0
"332",12,0.910236408253583,-3.73333333333333,-11.2944387559443,0
"333",12,0.910236408253583,-3.46666666666667,-11.4146497366348,0
"334",12,0.910236408253583,-3.2,-8.14171760506273,0
"335",12,0.910236408253583,-2.93333333333333,-8.51911200278782,0
"336",12,0.910236408253583,-2.66666666666667,-7.61352440498261,0
"337",12,0.910236408253583,-2.4,-6.71841499792395,0
"338",12,0.910236408253583,-2.13333333333333,-6.63807881679212,0
"339",12,0.910236408253583,-1.86666666666667,-6.12372380925531,0
"340",12,0.910236408253583,-1.6,-4.21142156779876,0
"341",12,0.910236408253583,-1.33333333333333,-4.54002053966433,0
"342",12,0.910236408253583,-1.06666666666667,-1.43008910666258,0
"343",12,0.910236408253583,-0.8,-1.18504790268454,0
"344",12,0.910236408253583,-0.533333333333333,-0.730349651019715,0
"345",12,0.910236408253583,-0.266666666666667,-0.791002140964737,0
"346",12,0.910236408253583,0,-0.318350309329762,0
"347",12,0.910236408253583,0.266666666666667,2.02297671099183,1
"348",12,0.910236408253583,0.533333333333333,3.01365625386965,1
"349",12,0.910236408253583,0.8,2.7640309362084,1
"350",12,0.910236408253583,1.06666666666667,4.78043029560354,1
"351",12,0.910236408253583,1.33333333333333,4.75218449632102,1
"352",12,0.910236408253583,1.6,5.26406122967764,1
"353",12,0.910236408253583,1.86666666666667,7.99142006076344,1
"354",12,0.910236408253583,2.13333333333333,9.1238204169349,1
"355",12,0.910236408253583,2.4,9.55194712044222,1
"356",12,0.910236408253583,2.66666666666667,10.2902033549764,1
"357",12,0.910236408253583,2.93333333333333,10.4834725014195,1
"358",12,0.910236408253583,3.2,11.5688352921875,1
"359",12,0.910236408253583,3.46666666666667,12.8345689680864,1
"360",12,0.910236408253583,3.73333333333333,12.9331212871538,1
"361",13,-0.38397702353149,-4,-12.9207230137453,0
"362",13,-0.38397702353149,-3.73333333333333,-13.0655896748599,0
"363",13,-0.38397702353149,-3.46666666666667,-11.6601683864052,0
"364",13,-0.38397702353149,-3.2,-11.1259981973862,0
"365",13,-0.38397702353149,-2.93333333333333,-8.75825052934154,0
"366",13,-0.38397702353149,-2.66666666666667,-8.56053186656729,0
"367",13,-0.38397702353149,-2.4,-9.77539414743823,0
"368",13,-0.38397702353149,-2.13333333333333,-5.4784442158526,0
"369",13,-0.38397702353149,-1.86666666666667,-6.50018204532293,0
"370",13,-0.38397702353149,-1.6,-4.04001085248072,0
"371",13,-0.38397702353149,-1.33333333333333,-2.40549839134713,0
"372",13,-0.38397702353149,-1.06666666666667,-2.71680859670741,0
"373",13,-0.38397702353149,-0.8,-0.662178724434611,0
"374",13,-0.38397702353149,-0.533333333333333,-0.372921669067394,0
"375",13,-0.38397702353149,-0.266666666666667,1.0760391096021,1
"376",13,-0.38397702353149,0,0.8296727159638,1
"377",13,-0.38397702353149,0.266666666666667,2.32850139999971,1
"378",13,-0.38397702353149,0.533333333333333,2.17327252660766,1
"379",13,-0.38397702353149,0.8,3.53363965739329,1
"380",13,-0.38397702353149,1.06666666666667,5.25210350448738,1
"381",13,-0.38397702353149,1.33333333333333,6.48601162450794,1
"382",13,-0.38397702353149,1.6,6.59797717994278,1
"383",13,-0.38397702353149,1.86666666666667,7.40461254218392,1
"384",13,-0.38397702353149,2.13333333333333,10.9149901539798,1
"385",13,-0.38397702353149,2.4,9.62669664952818,1
"386",13,-0.38397702353149,2.66666666666667,10.2106984583131,1
"387",13,-0.38397702353149,2.93333333333333,11.209033830639,1
"388",13,-0.38397702353149,3.2,12.1822976254682,1
"389",13,-0.38397702353149,3.46666666666667,13.8259288142626,1
"390",13,-0.38397702353149,3.73333333333333,15.0862457583852,1
"391",14,1.24100748757123,-4,-12.5322747176861,0
"392",14,1.24100748757123,-3.73333333333333,-10.5110267440982,0
"393",14,1.24100748757123,-3.46666666666667,-10.2038704291815,0
"394",14,1.24100748757123,-3.2,-9.64035318560436,0
"395",14,1.24100748757123,-2.93333333333333,-9.2633874632584,0
"396",14,1.24100748757123,-2.66666666666667,-8.53351583264969,0
"397",14,1.24100748757123,-2.4,-7.99416627087274,0
"398",14,1.24100748757123,-2.13333333333333,-5.76767935893599,0
"399",14,1.24100748757123,-1.86666666666667,-6.14735849059691,0
"400",14,1.24100748757123,-1.6,-3.76960315179884,0
"401",14,1.24100748757123,-1.33333333333333,-2.83105505887624,0
"402",14,1.24100748757123,-1.06666666666667,-2.40696980146757,0
"403",14,1.24100748757123,-0.8,-3.0774906596384,0
"404",14,1.24100748757123,-0.533333333333333,-1.16895006649027,0
"405",14,1.24100748757123,-0.266666666666667,0.120436714736855,0
"406",14,1.24100748757123,0,0.328594972103873,0
"407",14,1.24100748757123,0.266666666666667,1.81418239811792,1
"408",14,1.24100748757123,0.533333333333333,1.69789299819642,1
"409",14,1.24100748757123,0.8,2.45597104104986,1
"410",14,1.24100748757123,1.06666666666667,3.27726365365284,1
"411",14,1.24100748757123,1.33333333333333,3.32102069907119,1
"412",14,1.24100748757123,1.6,5.37032955180919,1
"413",14,1.24100748757123,1.86666666666667,5.92650577599071,1
"414",14,1.24100748757123,2.13333333333333,6.99203210707811,1
"415",14,1.24100748757123,2.4,7.91426433132289,1
"416",14,1.24100748757123,2.66666666666667,8.14383827115577,1
"417",14,1.24100748757123,2.93333333333333,9.85209866811985,1
"418",14,1.24100748757123,3.2,9.86140378414419,1
"419",14,1.24100748757123,3.46666666666667,10.7389039755854,1
"420",14,1.24100748757123,3.73333333333333,11.2492496990293,1
"421",15,0.197378608934049,-4,-13.5487222430934,0
"422",15,0.197378608934049,-3.73333333333333,-13.1771106030312,0
"423",15,0.197378608934049,-3.46666666666667,-11.2718298923234,0
"424",15,0.197378608934049,-3.2,-11.7004902621077,0
"425",15,0.197378608934049,-2.93333333333333,-7.76477805782023,0
"426",15,0.197378608934049,-2.66666666666667,-8.92148275503208,0
"427",15,0.197378608934049,-2.4,-7.16036912074285,0
"428",15,0.197378608934049,-2.13333333333333,-6.97659779928439,0
"429",15,0.197378608934049,-1.86666666666667,-5.30304944562323,0
"430",15,0.197378608934049,-1.6,-5.95812004179323,0
"431",15,0.197378608934049,-1.33333333333333,-2.79822654483912,0
"432",15,0.197378608934049,-1.06666666666667,-2.12753390226513,0
"433",15,0.197378608934049,-0.8,-2.77604740205621,0
"434",15,0.197378608934049,-0.533333333333333,-0.977706833430483,0
"435",15,0.197378608934049,-0.266666666666667,-0.57553342166904,0
"436",15,0.197378608934049,0,1.90628214217227,1
"437",15,0.197378608934049,0.266666666666667,1.8189581906901,1
"438",15,0.197378608934049,0.533333333333333,2.38084966048375,1
"439",15,0.197378608934049,0.8,4.14012404000684,1
"440",15,0.197378608934049,1.06666666666667,4.5849137552305,1
"441",15,0.197378608934049,1.33333333333333,6.64229171099545,1
"442",15,0.197378608934049,1.6,6.85057229648682,1
"443",15,0.197378608934049,1.86666666666667,7.36966303722888,1
"444",15,0.197378608934049,2.13333333333333,9.14483651121175,1
"445",15,0.197378608934049,2.4,8.84222858922871,1
"446",15,0.197378608934049,2.66666666666667,11.3331580491832,1
"447",15,0.197378608934049,2.93333333333333,13.1310558142663,1
"448",15,0.197378608934049,3.2,12.7879592595788,1
"449",15,0.197378608934049,3.46666666666667,13.4390790649884,1
"450",15,0.197378608934049,3.73333333333333,14.4397624767181,1
"451",16,-0.961289736847321,-4,-11.4139332937944,0
"452",16,-0.961289736847321,-3.73333333333333,-8.92758509994616,0
"453",16,-0.961289736847321,-3.46666666666667,-8.66421633041002,0
"454",16,-0.961289736847321,-3.2,-7.86824563386091,0
"455",16,-0.961289736847321,-2.93333333333333,-7.60165093737457,0
"456",16,-0.961289736847321,-2.66666666666667,-8.03831362426551,0
"457",16,-0.961289736847321,-2.4,-7.10015730220202,0
"458",16,-0.961289736847321,-2.13333333333333,-4.77775829177747,0
"459",16,-0.961289736847321,-1.86666666666667,-3.62753827890338,0
"460",16,-0.961289736847321,-1.6,-3.49346141010734,0
"461",16,-0.961289736847321,-1.33333333333333,-3.98082821812497,0
"462",16,-0.961289736847321,-1.06666666666667,-0.755564023947958,0
"463",16,-0.961289736847321,-0.8,-1.51193015837474,0
"464",16,-0.961289736847321,-0.533333333333333,0.232537834934558,0
"465",16,-0.961289736847321,-0.266666666666667,0.582917754260236,1
"466",16,-0.961289736847321,0,1.32994084336663,1
"467",16,-0.961289736847321,0.266666666666667,1.08508101761699,1
"468",16,-0.961289736847321,0.533333333333333,2.06730520850669,1
"469",16,-0.961289736847321,0.8,3.78742572380054,1
"470",16,-0.961289736847321,1.06666666666667,5.60175424711281,1
"471",16,-0.961289736847321,1.33333333333333,6.12086171551392,1
"472",16,-0.961289736847321,1.6,6.39127633188002,1
"473",16,-0.961289736847321,1.86666666666667,7.38591191357585,1
"474",16,-0.961289736847321,2.13333333333333,7.49712318484429,1
"475",16,-0.961289736847321,2.4,8.43631920818427,1
"476",16,-0.961289736847321,2.66666666666667,9.23237949379142,1
"477",16,-0.961289736847321,2.93333333333333,10.9256664521283,1
"478",16,-0.961289736847321,3.2,11.6584065034094,1
"479",16,-0.961289736847321,3.46666666666667,12.5845324746926,1
"480",16,-0.961289736847321,3.73333333333333,12.6847783700721,1
"481",17,1.82160151620496,-4,-10.2092571202339,0
"482",17,1.82160151620496,-3.73333333333333,-10.2632548338323,0
"483",17,1.82160151620496,-3.46666666666667,-9.35820680559551,0
"484",17,1.82160151620496,-3.2,-9.3994342015456,0
"485",17,1.82160151620496,-2.93333333333333,-8.26104539871971,0
"486",17,1.82160151620496,-2.66666666666667,-6.59463757237023,0
"487",17,1.82160151620496,-2.4,-6.86740697174587,0
"488",17,1.82160151620496,-2.13333333333333,-5.97633599881584,0
"489",17,1.82160151620496,-1.86666666666667,-5.55172265629292,0
"490",17,1.82160151620496,-1.6,-4.20242296039523,0
"491",17,1.82160151620496,-1.33333333333333,-2.68651360260805,0
"492",17,1.82160151620496,-1.06666666666667,-2.35987191661824,0
"493",17,1.82160151620496,-0.8,-1.90348015413794,0
"494",17,1.82160151620496,-0.533333333333333,-0.516971215986308,0
"495",17,1.82160151620496,-0.266666666666667,0.726351536026477,1
"496",17,1.82160151620496,0,0.327076656844422,0
"497",17,1.82160151620496,0.266666666666667,0.878938951904349,1
"498",17,1.82160151620496,0.533333333333333,1.29249712910771,1
"499",17,1.82160151620496,0.8,2.867583530222,1
"500",17,1.82160151620496,1.06666666666667,3.45959084125954,1
"501",17,1.82160151620496,1.33333333333333,5.76028141529843,1
"502",17,1.82160151620496,1.6,5.55043386580173,1
"503",17,1.82160151620496,1.86666666666667,5.21625899329106,1
"504",17,1.82160151620496,2.13333333333333,5.77358439910213,1
"505",17,1.82160151620496,2.4,9.11885682982228,1
"506",17,1.82160151620496,2.66666666666667,7.67410293504797,1
"507",17,1.82160151620496,2.93333333333333,9.95872510703121,1
"508",17,1.82160151620496,3.2,9.2497290814554,1
"509",17,1.82160151620496,3.46666666666667,10.5791593533014,1
"510",17,1.82160151620496,3.73333333333333,11.8735148265251,1
"511",18,-1.52253271962791,-4,-7.68141108016515,0
"512",18,-1.52253271962791,-3.73333333333333,-7.2047850266607,0
"513",18,-1.52253271962791,-3.46666666666667,-7.41252553716868,0
"514",18,-1.52253271962791,-3.2,-5.84229872365742,0
"515",18,-1.52253271962791,-2.93333333333333,-5.86148662731293,0
"516",18,-1.52253271962791,-2.66666666666667,-5.23004720249233,0
"517",18,-1.52253271962791,-2.4,-4.34728537571282,0
"518",18,-1.52253271962791,-2.13333333333333,-3.23843050935892,0
"519",18,-1.52253271962791,-1.86666666666667,-2.84234323280486,0
"520",18,-1.52253271962791,-1.6,-2.45254623410918,0
"521",18,-1.52253271962791,-1.33333333333333,-2.59990322221046,0
"522",18,-1.52253271962791,-1.06666666666667,-2.13101426955452,0
"523",18,-1.52253271962791,-0.8,-0.632992700296583,0
"524",18,-1.52253271962791,-0.533333333333333,-0.547951852688626,0
"525",18,-1.52253271962791,-0.266666666666667,-1.43749225764774,0
"526",18,-1.52253271962791,0,1.24853176246915,1
"527",18,-1.52253271962791,0.266666666666667,2.88749495290232,1
"528",18,-1.52253271962791,0.533333333333333,2.60781947284602,1
"529",18,-1.52253271962791,0.8,4.51598440429595,1
"530",18,-1.52253271962791,1.06666666666667,2.78477080065903,1
"531",18,-1.52253271962791,1.33333333333333,4.31520383439238,1
"532",18,-1.52253271962791,1.6,6.31149752931111,1
"533",18,-1.52253271962791,1.86666666666667,5.07895151023599,1
"534",18,-1.52253271962791,2.13333333333333,5.56455433636146,1
"535",18,-1.52253271962791,2.4,6.89422166808143,1
"536",18,-1.52253271962791,2.66666666666667,6.98977331004298,1
"537",18,-1.52253271962791,2.93333333333333,8.74834186329976,1
"538",18,-1.52253271962791,3.2,7.93340375431399,1
"539",18,-1.52253271962791,3.46666666666667,7.59351262808667,1
"540",18,-1.52253271962791,3.73333333333333,9.14366488764517,1
"541",19,0.16721145447254,-4,-10.4262369220261,0
"542",19,0.16721145447254,-3.73333333333333,-11.5002233637389,0
"543",19,0.16721145447254,-3.46666666666667,-7.49887884248116,0
"544",19,0.16721145447254,-3.2,-7.82590491387084,0
"545",19,0.16721145447254,-2.93333333333333,-7.93431610405801,0
"546",19,0.16721145447254,-2.66666666666667,-8.83846297174214,0
"547",19,0.16721145447254,-2.4,-6.65142318874951,0
"548",19,0.16721145447254,-2.13333333333333,-6.29226926544727,0
"549",19,0.16721145447254,-1.86666666666667,-3.96098184844923,0
"550",19,0.16721145447254,-1.6,-4.59331911357112,0
"551",19,0.16721145447254,-1.33333333333333,-1.94484273608332,0
"552",19,0.16721145447254,-1.06666666666667,-0.900838660003515,0
"553",19,0.16721145447254,-0.8,-1.99478903928327,0
"554",19,0.16721145447254,-0.533333333333333,-1.13879101847093,0
"555",19,0.16721145447254,-0.266666666666667,-0.061779333582708,0
"556",19,0.16721145447254,0,-0.732319295504636,0
"557",19,0.16721145447254,0.266666666666667,0.564904504253239,1
"558",19,0.16721145447254,0.533333333333333,2.43285370343835,1
"559",19,0.16721145447254,0.8,2.62022439839538,1
"560",19,0.16721145447254,1.06666666666667,3.72368959747701,1
"561",19,0.16721145447254,1.33333333333333,4.43494710341218,1
"562",19,0.16721145447254,1.6,6.20384277371797,1
"563",19,0.16721145447254,1.86666666666667,5.5664010795449,1
"564",19,0.16721145447254,2.13333333333333,6.22055896432403,1
"565",19,0.16721145447254,2.4,8.87406459058518,1
"566",19,0.16721145447254,2.66666666666667,8.7336272834151,1
"567",19,0.16721145447254,2.93333333333333,11.4061773302541,1
"568",19,0.16721145447254,3.2,10.756065510365,1
"569",19,0.16721145447254,3.46666666666667,11.1339247554673,1
"570",19,0.16721145447254,3.73333333333333,12.1593029797196,1
"571",20,-1.31293451804033,-4,-9.04899861514598,0
"572",20,-1.31293451804033,-3.73333333333333,-8.907075295214,0
"573",20,-1.31293451804033,-3.46666666666667,-7.56622620145149,0
"574",20,-1.31293451804033,-3.2,-7.28630418639689,0
"575",20,-1.31293451804033,-2.93333333333333,-6.80268421897325,0
"576",20,-1.31293451804033,-2.66666666666667,-3.72973757702427,0
"577",20,-1.31293451804033,-2.4,-5.71541006291236,0
"578",20,-1.31293451804033,-2.13333333333333,-4.75556230622933,0
"579",20,-1.31293451804033,-1.86666666666667,-3.47332382057414,0
"580",20,-1.31293451804033,-1.6,-2.354525988217,0
"581",20,-1.31293451804033,-1.33333333333333,-2.08649792778894,0
"582",20,-1.31293451804033,-1.06666666666667,-2.04461793655148,0
"583",20,-1.31293451804033,-0.8,-1.3988497225495,0
"584",20,-1.31293451804033,-0.533333333333333,0.00479283675892475,0
"585",20,-1.31293451804033,-0.266666666666667,0.993172095515787,1
"586",20,-1.31293451804033,0,2.0549682469192,1
"587",20,-1.31293451804033,0.266666666666667,1.35233062026936,1
"588",20,-1.31293451804033,0.533333333333333,3.44242260580094,1
"589",20,-1.31293451804033,0.8,3.38077456078036,1
"590",20,-1.31293451804033,1.06666666666667,3.40523766703102,1
"591",20,-1.31293451804033,1.33333333333333,5.36935081929097,1
"592",20,-1.31293451804033,1.6,4.93293986112736,1
"593",20,-1.31293451804033,1.86666666666667,6.15157525781233,1
"594",20,-1.31293451804033,2.13333333333333,6.80991787469152,1
"595",20,-1.31293451804033,2.4,7.62492435008235,1
"596",20,-1.31293451804033,2.66666666666667,7.17050594323575,1
"597",20,-1.31293451804033,2.93333333333333,8.77984215947988,1
"598",20,-1.31293451804033,3.2,8.52072001237817,1
"599",20,-1.31293451804033,3.46666666666667,9.13267334046082,1
"600",20,-1.31293451804033,3.73333333333333,11.3427808476714,1
"601",21,0.738659277068236,-4,-13.7256413508759,0
"602",21,0.738659277068236,-3.73333333333333,-13.0944960694425,0
"603",21,0.738659277068236,-3.46666666666667,-12.3508738754188,0
"604",21,0.738659277068236,-3.2,-10.7612556964067,0
"605",21,0.738659277068236,-2.93333333333333,-9.72013555055653,0
"606",21,0.738659277068236,-2.66666666666667,-7.93620793760659,0
"607",21,0.738659277068236,-2.4,-8.05033689574128,0
"608",21,0.738659277068236,-2.13333333333333,-7.58705128065083,0
"609",21,0.738659277068236,-1.86666666666667,-6.9441449113644,0
"610",21,0.738659277068236,-1.6,-4.87521226250013,0
"611",21,0.738659277068236,-1.33333333333333,-4.11595497015364,0
"612",21,0.738659277068236,-1.06666666666667,-2.13398865253745,0
"613",21,0.738659277068236,-0.8,-2.13867523333399,0
"614",21,0.738659277068236,-0.533333333333333,0.130698748045185,0
"615",21,0.738659277068236,-0.266666666666667,-0.228965879351839,0
"616",21,0.738659277068236,0,1.21540161618711,1
"617",21,0.738659277068236,0.266666666666667,2.02257346544108,1
"618",21,0.738659277068236,0.533333333333333,3.61101540103843,1
"619",21,0.738659277068236,0.8,3.68811774465357,1
"620",21,0.738659277068236,1.06666666666667,5.04020810153314,1
"621",21,0.738659277068236,1.33333333333333,7.62837517236408,1
"622",21,0.738659277068236,1.6,5.79278903481713,1
"623",21,0.738659277068236,1.86666666666667,7.68861917993602,1
"624",21,0.738659277068236,2.13333333333333,8.99675073970676,1
"625",21,0.738659277068236,2.4,10.0326622215896,1
"626",21,0.738659277068236,2.66666666666667,10.826719827237,1
"627",21,0.738659277068236,2.93333333333333,12.0770712502893,1
"628",21,0.738659277068236,3.2,12.1001276839177,1
"629",21,0.738659277068236,3.46666666666667,14.7092983336615,1
"630",21,0.738659277068236,3.73333333333333,15.8513978360634,1
"631",22,0.051834206542886,-4,-12.3674449781579,0
"632",22,0.051834206542886,-3.73333333333333,-10.9847519153235,0
"633",22,0.051834206542886,-3.46666666666667,-11.8660468393122,0
"634",22,0.051834206542886,-3.2,-9.45639889746252,0
"635",22,0.051834206542886,-2.93333333333333,-9.20878159676564,0
"636",22,0.051834206542886,-2.66666666666667,-9.1045002914006,0
"637",22,0.051834206542886,-2.4,-7.42731507820794,0
"638",22,0.051834206542886,-2.13333333333333,-7.13848085414716,0
"639",22,0.051834206542886,-1.86666666666667,-5.74062933644361,0
"640",22,0.051834206542886,-1.6,-4.04613417439174,0
"641",22,0.051834206542886,-1.33333333333333,-2.07433133397598,0
"642",22,0.051834206542886,-1.06666666666667,-3.11540167280819,0
"643",22,0.051834206542886,-0.8,-0.856008315063023,0
"644",22,0.051834206542886,-0.533333333333333,-1.90195812376127,0
"645",22,0.051834206542886,-0.266666666666667,1.3577404789483,1
"646",22,0.051834206542886,0,1.93850022563332,1
"647",22,0.051834206542886,0.266666666666667,2.50894889876157,1
"648",22,0.051834206542886,0.533333333333333,1.6774883346265,1
"649",22,0.051834206542886,0.8,4.58530625583311,1
"650",22,0.051834206542886,1.06666666666667,4.39343487780921,1
"651",22,0.051834206542886,1.33333333333333,4.90397756190916,1
"652",22,0.051834206542886,1.6,7.6510242476132,1
"653",22,0.051834206542886,1.86666666666667,5.85383784068961,1
"654",22,0.051834206542886,2.13333333333333,9.63851124648659,1
"655",22,0.051834206542886,2.4,10.19513113268,1
"656",22,0.051834206542886,2.66666666666667,9.81389439246317,1
"657",22,0.051834206542886,2.93333333333333,11.8908970300291,1
"658",22,0.051834206542886,3.2,11.6075189528483,1
"659",22,0.051834206542886,3.46666666666667,12.9236724811753,1
"660",22,0.051834206542886,3.73333333333333,14.3064270577977,1
"661",23,-0.499136385540492,-4,-8.13501177844605,0
"662",23,-0.499136385540492,-3.73333333333333,-9.00744593057215,0
"663",23,-0.499136385540492,-3.46666666666667,-7.62321179775344,0
"664",23,-0.499136385540492,-3.2,-6.13558458508642,0
"665",23,-0.499136385540492,-2.93333333333333,-5.79932431016313,0
"666",23,-0.499136385540492,-2.66666666666667,-5.4912137649639,0
"667",23,-0.499136385540492,-2.4,-4.23900850461665,0
"668",23,-0.499136385540492,-2.13333333333333,-4.40394924145377,0
"669",23,-0.499136385540492,-1.86666666666667,-3.92959311448633,0
"670",23,-0.499136385540492,-1.6,-3.31826942939862,0
"671",23,-0.499136385540492,-1.33333333333333,-3.03589614594526,0
"672",23,-0.499136385540492,-1.06666666666667,-1.46829437477384,0
"673",23,-0.499136385540492,-0.8,-1.01450653083467,0
"674",23,-0.499136385540492,-0.533333333333333,-0.275180894454363,0
"675",23,-0.499136385540492,-0.266666666666667,-0.750531476969003,0
"676",23,-0.499136385540492,0,0.644165444917909,1
"677",23,-0.499136385540492,0.266666666666667,0.682370119591399,1
"678",23,-0.499136385540492,0.533333333333333,1.44715277657874,1
"679",23,-0.499136385540492,0.8,3.97286695804187,1
"680",23,-0.499136385540492,1.06666666666667,3.53114203624786,1
"681",23,-0.499136385540492,1.33333333333333,4.23638069414457,1
"682",23,-0.499136385540492,1.6,4.04180479190183,1
"683",23,-0.499136385540492,1.86666666666667,4.76767073740276,1
"684",23,-0.499136385540492,2.13333333333333,5.30801224963786,1
"685",23,-0.499136385540492,2.4,7.44111452698992,1
"686",23,-0.499136385540492,2.66666666666667,7.72953005308091,1
"687",23,-0.499136385540492,2.93333333333333,7.61437260893715,1
"688",23,-0.499136385540492,3.2,9.41940886386488,1
"689",23,-0.499136385540492,3.46666666666667,10.0010009781326,1
"690",23,-0.499136385540492,3.73333333333333,9.36500127079861,1
"691",24,0.819624706326464,-4,-14.0694997814704,0
"692",24,0.819624706326464,-3.73333333333333,-14.7611291536355,0
"693",24,0.819624706326464,-3.46666666666667,-12.3843954864395,0
"694",24,0.819624706326464,-3.2,-11.5544373204513,0
"695",24,0.819624706326464,-2.93333333333333,-9.15754595981406,0
"696",24,0.819624706326464,-2.66666666666667,-9.2556468260863,0
"697",24,0.819624706326464,-2.4,-8.64682582626367,0
"698",24,0.819624706326464,-2.13333333333333,-7.87104666558851,0
"699",24,0.819624706326464,-1.86666666666667,-6.23719676088182,0
"700",24,0.819624706326464,-1.6,-5.00508632948644,0
"701",24,0.819624706326464,-1.33333333333333,-4.46909276708406,0
"702",24,0.819624706326464,-1.06666666666667,-2.53436526903649,0
"703",24,0.819624706326464,-0.8,-1.55115637732033,0
"704",24,0.819624706326464,-0.533333333333333,-0.743915064027175,0
"705",24,0.819624706326464,-0.266666666666667,1.50678836132744,1
"706",24,0.819624706326464,0,0.52636809743101,1
"707",24,0.819624706326464,0.266666666666667,2.1311499823993,1
"708",24,0.819624706326464,0.533333333333333,4.75243490427417,1
"709",24,0.819624706326464,0.8,4.0432501252995,1
"710",24,0.819624706326464,1.06666666666667,5.26581555235065,1
"711",24,0.819624706326464,1.33333333333333,5.97289397492184,1
"712",24,0.819624706326464,1.6,7.45551213799131,1
"713",24,0.819624706326464,1.86666666666667,9.14593565948766,1
"714",24,0.819624706326464,2.13333333333333,9.28684345832029,1
"715",24,0.819624706326464,2.4,11.566231827238,1
"716",24,0.819624706326464,2.66666666666667,12.735903123336,1
"717",24,0.819624706326464,2.93333333333333,14.0442859013787,1
"718",24,0.819624706326464,3.2,13.4801530163217,1
"719",24,0.819624706326464,3.46666666666667,15.8190267315767,1
"720",24,0.819624706326464,3.73333333333333,14.8699352030948,1
"721",25,-0.543182581705942,-4,-7.64206597832088,0
"722",25,-0.543182581705942,-3.73333333333333,-7.70000396711785,0
"723",25,-0.543182581705942,-3.46666666666667,-5.82403179588665,0
"724",25,-0.543182581705942,-3.2,-6.39337325581011,0
"725",25,-0.543182581705942,-2.93333333333333,-5.41590523164734,0
"726",25,-0.543182581705942,-2.66666666666667,-4.00676423311228,0
"727",25,-0.543182581705942,-2.4,-4.5816463049992,0
"728",25,-0.543182581705942,-2.13333333333333,-4.83114719279823,0
"729",25,-0.543182581705942,-1.86666666666667,-2.06129254427329,0
"730",25,-0.543182581705942,-1.6,-2.91798009333876,0
"731",25,-0.543182581705942,-1.33333333333333,-1.64485999231572,0
"732",25,-0.543182581705942,-1.06666666666667,-2.93105694680634,0
"733",25,-0.543182581705942,-0.8,-0.475618049931353,0
"734",25,-0.543182581705942,-0.533333333333333,-1.12371911054423,0
"735",25,-0.543182581705942,-0.266666666666667,-0.39516410147656,0
"736",25,-0.543182581705942,0,0.374818463230214,0
"737",25,-0.543182581705942,0.266666666666667,1.35401210197811,1
"738",25,-0.543182581705942,0.533333333333333,1.04621010138139,1
"739",25,-0.543182581705942,0.8,2.68884333133117,1
"740",25,-0.543182581705942,1.06666666666667,2.8857998808309,1
"741",25,-0.543182581705942,1.33333333333333,3.87008407028424,1
"742",25,-0.543182581705942,1.6,2.84381479193823,1
"743",25,-0.543182581705942,1.86666666666667,6.04602524735858,1
"744",25,-0.543182581705942,2.13333333333333,5.31041653225948,1
"745",25,-0.543182581705942,2.4,5.75359560639522,1
"746",25,-0.543182581705942,2.66666666666667,7.92690437841946,1
"747",25,-0.543182581705942,2.93333333333333,8.34214020881848,1
"748",25,-0.543182581705942,3.2,7.22915228998687,1
"749",25,-0.543182581705942,3.46666666666667,8.7508640425692,1
"750",25,-0.543182581705942,3.73333333333333,7.70668109265677,1
"751",26,-0.0012812222009144,-4,-8.93895594423319,0
"752",26,-0.0012812222009144,-3.73333333333333,-9.29909873960525,0
"753",26,-0.0012812222009144,-3.46666666666667,-7.2993945434122,0
"754",26,-0.0012812222009144,-3.2,-8.08821474747735,0
"755",26,-0.0012812222009144,-2.93333333333333,-7.51722690594964,0
"756",26,-0.0012812222009144,-2.66666666666667,-5.36522906845013,0
"757",26,-0.0012812222009144,-2.4,-5.25564796876365,0
"758",26,-0.0012812222009144,-2.13333333333333,-4.15260829112747,0
"759",26,-0.0012812222009144,-1.86666666666667,-4.04752998803564,0
"760",26,-0.0012812222009144,-1.6,-3.50590505486113,0
"761",26,-0.0012812222009144,-1.33333333333333,-3.19917074447077,0
"762",26,-0.0012812222009144,-1.06666666666667,-2.29432050987652,0
"763",26,-0.0012812222009144,-0.8,-4.16701804471199,0
"764",26,-0.0012812222009144,-0.533333333333333,-2.25886501361281,0
"765",26,-0.0012812222009144,-0.266666666666667,-0.0877599847440753,0
"766",26,-0.0012812222009144,0,1.99459462253821,1
"767",26,-0.0012812222009144,0.266666666666667,2.24619062717862,1
"768",26,-0.0012812222009144,0.533333333333333,1.92961249183948,1
"769",26,-0.0012812222009144,0.8,1.94487751714127,1
"770",26,-0.0012812222009144,1.06666666666667,4.09140618481473,1
"771",26,-0.0012812222009144,1.33333333333333,4.59996264494009,1
"772",26,-0.0012812222009144,1.6,3.84294151025502,1
"773",26,-0.0012812222009144,1.86666666666667,5.33196266000716,1
"774",26,-0.0012812222009144,2.13333333333333,6.58305897504889,1
"775",26,-0.0012812222009144,2.4,6.99278703304804,1
"776",26,-0.0012812222009144,2.66666666666667,7.27731033353944,1
"777",26,-0.0012812222009144,2.93333333333333,7.59493393605506,1
"778",26,-0.0012812222009144,3.2,9.59846632791903,1
"779",26,-0.0012812222009144,3.46666666666667,10.8994527925912,1
"780",26,-0.0012812222009144,3.73333333333333,10.105198813653,1
"781",27,0.282081085487461,-4,-14.2371023165758,0
"782",27,0.282081085487461,-3.73333333333333,-14.0396426469949,0
"783",27,0.282081085487461,-3.46666666666667,-11.8770107613937,0
"784",27,0.282081085487461,-3.2,-11.010727942871,0
"785",27,0.282081085487461,-2.93333333333333,-9.67432049919739,0
"786",27,0.282081085487461,-2.66666666666667,-8.52828987279763,0
"787",27,0.282081085487461,-2.4,-7.59772254233095,0
"788",27,0.282081085487461,-2.13333333333333,-6.58942977374724,0
"789",27,0.282081085487461,-1.86666666666667,-6.72312135727047,0
"790",27,0.282081085487461,-1.6,-5.59832135353693,0
"791",27,0.282081085487461,-1.33333333333333,-2.78821714793382,0
"792",27,0.282081085487461,-1.06666666666667,-3.90289408020922,0
"793",27,0.282081085487461,-0.8,-1.45799353548081,0
"794",27,0.282081085487461,-0.533333333333333,-0.953343640121284,0
"795",27,0.282081085487461,-0.266666666666667,-1.21065804719152,0
"796",27,0.282081085487461,0,0.551782252109977,1
"797",27,0.282081085487461,0.266666666666667,2.59347876848307,1
"798",27,0.282081085487461,0.533333333333333,3.74391811223531,1
"799",27,0.282081085487461,0.8,4.38775931855424,1
"800",27,0.282081085487461,1.06666666666667,4.26962049127056,1
"801",27,0.282081085487461,1.33333333333333,6.53741122412492,1
"802",27,0.282081085487461,1.6,8.09773509405431,1
"803",27,0.282081085487461,1.86666666666667,8.1932556373987,1
"804",27,0.282081085487461,2.13333333333333,9.43396171785126,1
"805",27,0.282081085487461,2.4,9.12684147716,1
"806",27,0.282081085487461,2.66666666666667,12.1753856276975,1
"807",27,0.282081085487461,2.93333333333333,12.3922900499816,1
"808",27,0.282081085487461,3.2,12.2226172327604,1
"809",27,0.282081085487461,3.46666666666667,14.1532044934738,1
"810",27,0.282081085487461,3.73333333333333,15.229309230779,1
"811",28,0.253228129555929,-4,-11.6845930929825,0
"812",28,0.253228129555929,-3.73333333333333,-10.9307496460517,0
"813",28,0.253228129555929,-3.46666666666667,-9.25398721618365,0
"814",28,0.253228129555929,-3.2,-8.40145656565741,0
"815",28,0.253228129555929,-2.93333333333333,-9.17435713500914,0
"816",28,0.253228129555929,-2.66666666666667,-7.76127196196826,0
"817",28,0.253228129555929,-2.4,-7.79594108128215,0
"818",28,0.253228129555929,-2.13333333333333,-5.42496594309264,0
"819",28,0.253228129555929,-1.86666666666667,-5.50961164190881,0
"820",28,0.253228129555929,-1.6,-3.76854177638878,0
"821",28,0.253228129555929,-1.33333333333333,-3.18733399588204,0
"822",28,0.253228129555929,-1.06666666666667,-2.31392919029796,0
"823",28,0.253228129555929,-0.8,-0.834614158110287,0
"824",28,0.253228129555929,-0.533333333333333,-1.87581482700378,0
"825",28,0.253228129555929,-0.266666666666667,-0.273356414589359,0
"826",28,0.253228129555929,0,1.71546890065431,1
"827",28,0.253228129555929,0.266666666666667,1.68080396793335,1
"828",28,0.253228129555929,0.533333333333333,3.2129507188515,1
"829",28,0.253228129555929,0.8,4.02516273548481,1
"830",28,0.253228129555929,1.06666666666667,5.16897262858189,1
"831",28,0.253228129555929,1.33333333333333,5.43947507373848,1
"832",28,0.253228129555929,1.6,6.23659322959712,1
"833",28,0.253228129555929,1.86666666666667,4.82195550466906,1
"834",28,0.253228129555929,2.13333333333333,8.22645037536962,1
"835",28,0.253228129555929,2.4,10.216300409811,1
"836",28,0.253228129555929,2.66666666666667,9.13381956144764,1
"837",28,0.253228129555929,2.93333333333333,11.9841146257344,1
"838",28,0.253228129555929,3.2,12.3766510653791,1
"839",28,0.253228129555929,3.46666666666667,11.8885563779892,1
"840",28,0.253228129555929,3.73333333333333,13.115456435379,1
"841",29,-0.396630138549983,-4,-11.7061171279441,0
"842",29,-0.396630138549983,-3.73333333333333,-10.3496641637004,0
"843",29,-0.396630138549983,-3.46666666666667,-9.14660121654758,0
"844",29,-0.396630138549983,-3.2,-8.43172117530305,0
"845",29,-0.396630138549983,-2.93333333333333,-8.18612310999921,0
"846",29,-0.396630138549983,-2.66666666666667,-6.38560122078165,0
"847",29,-0.396630138549983,-2.4,-6.66437667206102,0
"848",29,-0.396630138549983,-2.13333333333333,-4.57087653605269,0
"849",29,-0.396630138549983,-1.86666666666667,-5.39813267777716,0
"850",29,-0.396630138549983,-1.6,-3.99712274961503,0
"851",29,-0.396630138549983,-1.33333333333333,-3.30628047484857,0
"852",29,-0.396630138549983,-1.06666666666667,-2.08971739515404,0
"853",29,-0.396630138549983,-0.8,-1.63641606542184,0
"854",29,-0.396630138549983,-0.533333333333333,-1.66717725687136,0
"855",29,-0.396630138549983,-0.266666666666667,-0.775168555248645,0
"856",29,-0.396630138549983,0,1.94882346299822,1
"857",29,-0.396630138549983,0.266666666666667,3.4500143033681,1
"858",29,-0.396630138549983,0.533333333333333,3.45653339779412,1
"859",29,-0.396630138549983,0.8,3.46206205217395,1
"860",29,-0.396630138549983,1.06666666666667,2.45354923979564,1
"861",29,-0.396630138549983,1.33333333333333,6.1673244636822,1
"862",29,-0.396630138549983,1.6,4.64506755725643,1
"863",29,-0.396630138549983,1.86666666666667,7.46787638892325,1
"864",29,-0.396630138549983,2.13333333333333,7.7528864599268,1
"865",29,-0.396630138549983,2.4,8.3416031942771,1
"866",29,-0.396630138549983,2.66666666666667,9.0224618856364,1
"867",29,-0.396630138549983,2.93333333333333,11.2613367010715,1
"868",29,-0.396630138549983,3.2,11.1614793425124,1
"869",29,-0.396630138549983,3.46666666666667,11.387635325859,1
"870",29,-0.396630138549983,3.73333333333333,11.5935706958967,1
"871",30,0.273353999363587,-4,-12.6117600582037,0
"872",30,0.273353999363587,-3.73333333333333,-10.3286235355549,0
"873",30,0.273353999363587,-3.46666666666667,-8.94208947961994,0
"874",30,0.273353999363587,-3.2,-10.4197012579962,0
"875",30,0.273353999363587,-2.93333333333333,-8.87856100746363,0
"876",30,0.273353999363587,-2.66666666666667,-8.19095835561231,0
"877",30,0.273353999363587,-2.4,-5.25546970549928,0
"878",30,0.273353999363587,-2.13333333333333,-6.05839399806345,0
"879",30,0.273353999363587,-1.86666666666667,-5.57422440259966,0
"880",30,0.273353999363587,-1.6,-4.63318672506027,0
"881",30,0.273353999363587,-1.33333333333333,-1.15855037451151,0
"882",30,0.273353999363587,-1.06666666666667,-2.47246457322677,0
"883",30,0.273353999363587,-0.8,-2.99096054813038,0
"884",30,0.273353999363587,-0.533333333333333,-0.8128483837652,0
"885",30,0.273353999363587,-0.266666666666667,0.152795993907594,0
"886",30,0.273353999363587,0,1.15232204214158,1
"887",30,0.273353999363587,0.266666666666667,1.92145961427681,1
"888",30,0.273353999363587,0.533333333333333,2.39626528696693,1
"889",30,0.273353999363587,0.8,3.63078147246362,1
"890",30,0.273353999363587,1.06666666666667,4.57493700971894,1
"891",30,0.273353999363587,1.33333333333333,4.18989566338851,1
"892",30,0.273353999363587,1.6,4.28676198042705,1
"893",30,0.273353999363587,1.86666666666667,7.09201408089862,1
"894",30,0.273353999363587,2.13333333333333,7.15561169316505,1
"895",30,0.273353999363587,2.4,9.62804389725041,1
"896",30,0.273353999363587,2.66666666666667,8.15005100153633,1
"897",30,0.273353999363587,2.93333333333333,11.065721136918,1
"898",30,0.273353999363587,3.2,10.8110939559766,1
"899",30,0.273353999363587,3.46666666666667,11.8908849068994,1
"900",30,0.273353999363587,3.73333333333333,13.4367938216486,1
