"Gene","Hormones","IQ","Motivation","SES","Symptoms","Treatment"
-0.14065637055205,0.64770205332781,-0.714493011117267,0.861516315112105,0.526451222821107,-0.773426199777821,-0.211408713841349
-0.798457253003818,-0.492680720194107,0.353560111680681,1.71981244138533,-0.265870223632008,-1.00947662029549,1.20811246546013
-0.869026598092833,0.188035697019927,-0.95321469642928,0.758491148679859,-0.546444812435353,0.0773915196337795,1.09019152211327
0.0871660629561306,-0.634482575164718,-0.553497794496143,1.10369626493192,-0.0648582355055759,0.0416382336563463,0.859169207726037
-0.261462860243512,-0.47169474177827,1.09588352151968,-1.51449683933853,1.08302320799423,-0.684450427311263,1.2357226760057
0.57155701399347,-1.04922756761722,0.524694587181667,-1.53196482631037,0.153092239587584,-0.587748900428837,-0.135306922113887
-1.66782871196979,0.333794787915943,-0.917524959026013,-0.106268461734771,-0.304235223978526,0.962962996362345,-0.204783950387639
1.29749239929551,0.603440588775731,-0.347643348385841,-1.31697370629551,2.25729733666509,0.535403855684833,-0.0519308391935773
-2.3658530154538,-1.82262979520426,-1.33480084374122,-1.37612387014461,0.909473989642312,1.39124787806625,1.28135442961342
-0.53699252581704,-0.853071451467163,0.517651663997429,-0.542700334720858,0.646098271768995,-1.14564033443016,0.982571512308531
0.0578943487951406,-1.66679226906133,0.110367884435131,-0.871721748400265,-0.488370367656366,-0.577109329895795,0.422730881652373
1.3980632955972,1.7269768488187,1.63133082181976,0.46289920465104,0.0658248657108542,1.29074533378766,-1.82519256349942
1.40615108212557,0.127560991937513,-0.0366739437219035,-1.4307332118804,0.427002337493504,-1.01736948541401,-1.08346629146995
-1.0051799950806,-0.115314124325827,-0.335490242589327,-1.63902075362307,1.12345825226924,-0.336394674790207,0.921634102959522
0.278233773578614,-0.557502195367927,0.617375840770671,0.258356561477407,-1.45526488482031,-1.32127439516875,0.302196578472804
1.94342924704248,0.583953587486775,0.135797401135813,-2.28172760010032,1.37798326317799,0.785136839569706,-0.722624130180263
-1.44652952300332,0.172834259054587,-0.328373935535106,-0.394354140204224,0.318970257434181,0.0541205973586794,0.97909244954986
0.780305423921062,-1.29534622568262,-0.0650975917679414,-0.192145308711654,1.1457027821282,-0.0140847673710176,1.47083469523885
-0.952297425507819,0.716478564992665,-1.23009490510307,0.0758382763719718,-0.295085116812578,0.874592489203722,-0.35128810063661
0.92014999273592,-0.245404907064823,-0.610151384682157,1.20033378005806,-0.199696062164494,-1.32542281207572,1.08648802414983
0.0795540673691722,-0.794696581989193,-0.642617182585101,0.285510761540285,0.115485209742564,-0.156749754833734,-1.17555828261494
-0.910447175953099,-0.158129949294354,1.29028589168174,1.79082738684738,-0.117263625549907,-0.908405985126994,1.81334439429105
0.0644477703984412,0.719950364959209,-0.77985309401272,0.239214945580397,0.137156219979523,0.91951835188305,-1.5252142185047
1.70031937828797,-0.871416016027291,1.56526282766722,-1.66845331937704,0.652328722084694,-0.619254195173941,-0.412251380582689
-0.530609149182201,-0.722795710378126,-0.12656757257994,1.32589546859991,0.600607597699118,-0.275444191860148,1.03602362747745
-0.481947015778137,-1.14791532465951,2.59845838531434,0.202647929209221,-1.6579922000391,-0.879516026063887,0.513272649259625
1.06673913502892,-1.21445408828574,0.78497624609746,-0.307675138449153,0.958684797183264,-1.03608848353719,1.4765623021251
-0.73750482037615,-0.978791043225518,-0.751867675202963,-0.237221653373784,1.3497930684986,0.103598799843068,0.978206533881385
1.45924033953783,-0.451568546344528,-1.43705243796081,0.409065378834294,-0.877040712668492,-1.36207087639414,0.890367134492391
1.30725295377232,-1.12536776865759,-0.116911695301197,-0.85131197554506,0.218898250269142,-1.30485491184129,0.760428258026812
-0.205732895240397,-0.79542894348003,-0.544002259868554,-0.101725791357604,1.18211482095004,-0.746824059333396,0.0469486759896899
-0.291225816404897,-0.238479243523637,-0.848935613058806,1.01750786828188,-1.16903050714158,0.0492992569641714,0.380011299514802
0.526359858363136,2.52352483463036,0.30655901362223,0.757194749903288,-0.607418372206668,0.808375300671184,-0.357043310953398
1.48316343093515,-0.597962644126086,1.49799519560129,1.22890333834057,0.184240633200239,-1.47890658390478,0.0993805948467566
-1.53860903445778,-0.88507813571773,-0.844691167906955,1.93157833406693,0.890908930796847,0.253361933297681,0.505873395182788
-0.04788458411003,-0.639784740564584,-1.59766671697913,-0.640990917124867,0.18994223398262,-0.33647721462498,-0.327657247201807
0.916244265992844,0.151609970956412,-2.01793520604263,0.248996719143342,-0.399293596224907,0.0710176763361378,0.153318395310067
-0.380547336312928,-1.12485717581982,-0.82645110977636,0.536258272353042,-0.860432315692321,0.740145342193023,1.40685465389721
-0.485000075331838,-0.440738152400637,-1.95495204698564,0.99022628438596,0.333233501575935,0.228869397293944,1.44762132989451
1.57798122172958,-0.6698124503196,-1.35693906575492,-0.496928925402511,0.187431542386779,-1.55647520925192,0.726952636909681
1.50198611047543,-0.829991418428717,1.95476675221747,-1.34898360549794,0.956278547783176,-0.207013318895283,1.27166558247221
0.154979460493954,0.158518518126438,0.631716959996521,0.467632495437181,1.08062037988288,-0.775140116394102,0.159544658992485
0.127483030557857,-0.95446614923627,0.143171947280931,-0.102662799348175,0.517858804207186,-0.821991037071635,2.29088511168269
0.160599989063881,-0.666450600271999,-1.49788400008484,-1.42695246712568,0.0126292440063186,0.252910868131707,0.114888229886548
-1.00789813862091,-0.605517561943259,-1.95145725879906,1.32985133082463,-0.106697237396269,-0.36838072211488,0.101948582781827
0.472372648907661,-0.51596818323547,-0.243852233993444,0.681184399388478,1.01888463771591,0.180046355184196,0.643922896569501
0.714850698688096,-0.163881204169759,-1.46384308279882,-0.378098549346354,-0.945714510862455,-0.441254281957362,-0.301563323187947
-0.823073914668491,-0.816860210679992,0.607879690770265,-0.499263103144238,-0.896067552524579,0.0888607304037516,-1.23177897154774
-0.00287310328613508,2.52245836803533,-0.397645537078292,1.41192781483604,1.22767517435061,1.17010395332206,0.213591730914615
-1.34709403296144,-1.6178682796239,-1.56223580802199,-2.00240828984849,2.07096284876056,1.31614521391761,0.627506670921538
1.03888732159679,1.42218838755917,0.274604653478789,-1.87764995746223,0.320413020780082,0.541545759271763,-1.68182604738082
0.102338716949895,-0.671518142506083,1.10172764903632,0.136874737299668,-0.258467586715676,-0.796606817790683,1.78905859604472
0.0170507576496938,1.51688966230663,-0.318623567190845,0.342085066802486,0.0369192937228713,0.875301629832893,0.024323901780875
-1.20998311736329,2.31558918260436,0.253153612404056,-0.0829890389763431,1.21669088958497,1.62854828194209,-1.40495046775966
0.82975677237514,0.590871682925329,0.101481988119724,-0.377614247665408,1.25157001212799,-0.0878178564666581,0.56851943590081
1.65972598732463,0.2757609273498,-0.508012783447759,0.522188282196677,1.51013396794755,-0.730726420874337,0.502571443539817
2.78186472063673,0.612483287167094,-0.368984443372676,0.441431064922321,-0.840987122035844,-0.22707533138031,0.17115193417698
0.34833787281605,1.9056969433522,2.02745519824685,-0.173387230709927,0.162757532003576,0.468596152344323,-1.26958673683265
0.0831546253067112,-1.74773746013267,0.474754686390544,-0.854235568351608,0.686835433355184,-0.440200345909444,1.29663306370266
-0.438702357025892,1.4303910228414,1.47098575543193,1.10454593878279,-1.44715837177292,0.924700688527571,-1.09998550882931
-1.57944893113984,0.862058240330911,0.588654399720068,-1.73238133337447,-1.86429994579956,-0.0845769772520056,-1.55091146611301
-0.74265766689126,-0.0928936735596435,0.0541224654469311,1.30103239827747,0.424804513205173,1.20160064791058,-0.265952463350732
-0.525747813953147,0.597683376479406,0.0338323604223875,1.74018842164789,1.27524738597284,0.640850086451506,-0.161488913849253
-0.787237115098427,-1.34714688373098,-1.3253501836726,-0.619352752563544,0.131910987821726,1.33612662505099,0.396173150615379
0.960243528818399,-0.670987891689572,0.64621168231458,0.237360408153483,1.55403980746315,-0.659554728578522,-0.026595057282561
-0.319739756034688,0.150142205852592,0.95164931125969,-1.05393340295263,0.156260911949848,1.06863745413193,-0.232143177463114
-0.909058999792215,2.40459040102985,-0.683552055909801,-0.09254266258307,0.132142254906994,2.20204770720821,-0.302017819891994
-0.552033471273631,-1.78159781665222,-0.0198936757243619,-0.506922403126044,-0.336893449991303,0.778479844725543,-0.0239804421665699
-0.124119103313091,-0.591564262531383,0.474190710463767,-0.13061167289734,-0.0341497080983612,-0.846961455370454,1.0150662840079
-2.61963110464822,-1.25193298463814,-1.27999963474075,0.995411849153583,0.707979941970073,0.922132893061004,1.28858047664296
-0.734866104962269,0.37175335368471,-0.11620319298181,-0.0733376001865174,0.0668814187479141,0.294162295528949,0.126063410272539
-0.414450634521223,-1.36256316280569,0.871939118284084,0.297623097872859,1.3085254849152,0.623451816871847,0.23421420814597
-1.32288747805026,-1.19661824496948,-1.06787339859896,0.187524925644997,0.0702035146343382,0.678933742551925,0.472213678997931
-0.0765990093157058,-0.369860049937565,1.36404392802848,1.3391518151778,-0.550720387986882,0.0683956462110765,0.303485297254833
0.776514849652055,-0.411293325986167,0.566172517311847,1.02382229510404,-1.07930093221315,-0.947012462588843,1.95441684694808
0.35169121953209,0.579585204518768,-0.397048428177878,1.59856742630886,-0.0782442674670501,-0.351793116909119,-0.0286660941216933
0.663615871895258,1.22032654089048,-0.760215878879557,0.244453068037473,0.495631949816516,-0.407843048774741,-0.851096396935077
0.106799110259521,1.00502860749116,-0.476127690266668,-1.23488927255441,0.212281027349131,0.373777280779355,-0.829681112993168
-1.09396186610653,0.0409967527785531,-0.0687958602895637,-0.890648771010176,0.978280839654989,1.51863744488838,0.712710066711634
3.41173758586087,0.123693621211244,0.40861722443583,0.958623238525625,1.36785643949704,-1.22016644279116,-0.477789861100908
0.783560485883262,-0.19259498640377,1.27174651164086,-0.764960821611006,1.72883702177885,0.146127428248297,-0.0907999721860549
0.648994869366466,-0.642348512164786,-0.276021166117031,0.870637605315383,0.686210036109727,-1.02171214408965,1.12600388876661
-0.657337017591543,0.831060406702355,0.606601650310403,2.71050269637172,-0.991626259189794,0.423372592157755,0.363364053904473
1.2812831099755,0.078033351275436,-1.29480188167204,-1.50209573526075,-0.334687537649969,-1.30015360725005,-2.03035527800559
0.262043818961572,1.7782220518413,0.389721924409251,-1.8408266620826,-0.0530374143505956,0.642123429273843,-1.78164292811303
-0.331934389095909,0.429191868838106,0.797739322855516,-0.51784798007899,-1.01264972858179,-0.618251918430261,-1.99126140430522
-0.249291347203581,0.0843866086908559,-1.23001527445891,-1.53960509033095,0.392043917108816,-1.14758535966063,-0.441166721094202
0.448971232356604,0.606066610743753,-2.17384312417177,-1.36076970863482,-0.172209980266692,0.0941985195750069,-0.896478383147491
0.513534246125891,-0.812932706701657,-1.36732459491248,-1.15461505684984,-0.191820103469006,-0.431269547710315,1.07894722174675
0.393210841793239,0.321858918080242,-0.386206716754787,-1.44326065760137,0.445000073126201,-0.0995658154044894,-1.70206941409054
-0.353456848116517,0.585425982002837,-0.647903709788065,-1.03649844044671,0.554258564757322,1.17935302499747,-1.03739158097046
-0.722131200956729,0.902452664129431,1.54608256389058,1.37999780211279,-0.128076813096117,2.14826787230371,-0.983219879313262
0.298161025982848,1.48817738234431,0.516167018826748,1.75038161077431,0.932934849068706,-0.459166113239664,-0.84881412886517
0.696457335829686,0.450158787143208,-0.576599700260426,-0.132943624456541,0.902619235346661,-1.02155532513759,0.463528943738826
-1.16885630083658,0.128768901250168,-0.940235087930051,-0.000152743565371191,1.4409338716515,1.24437296396174,0.730046274048141
0.884883798485762,-1.03373403370519,-0.587530458460475,-0.988480204180299,-0.355833869183033,-1.08435603795623,-0.783782377346004
-0.577638134255301,-0.182071196914979,-0.256148381251694,-0.0460620655215339,0.630181689784768,-0.0650470081214823,1.4997097456502
-0.193928287383156,-0.0475201517087662,-0.571754573079991,-0.190511591574672,-1.02603728554655,0.21642933020444,0.172173072205803
0.150150412154258,-0.670933181369175,0.121265163690194,-0.787760148006063,-1.22700974150222,-0.770744290727415,0.704752752231212
1.75910033556082,1.48638298269945,1.19435187555117,-0.0547085525583431,1.04021981403197,-0.702451859352694,-0.87733499612606
0.324677755062294,1.35887018416411,-1.20366668954416,0.201477459196131,0.61530971264972,0.879946347471623,0.231897856601286
1.33751447190315,0.154014400303323,0.769864008818393,0.412921072436461,-0.106868324267589,-0.13716641600515,-0.492200439498353
-2.59706904310076,-1.12146825290739,0.241165529053441,2.16609202714961,-0.159310999982678,0.264173766258716,-0.0482221550608264
-1.33353925976599,-0.416336950897109,2.32917943495401,0.741384268780172,0.128545749322556,-0.241340992553815,0.9156014447708
0.754153564942049,-0.873773595442679,0.54548774518332,-0.0585412043461185,-0.354640477887051,-0.821804404390635,-0.234292827328816
-0.859026635987798,1.3737058255236,-0.790190821107908,-0.521524995659764,0.493079244745965,0.150008640389717,-0.663594164185392
-0.315187143664786,0.330861328678714,-0.493017270130925,0.130712961624096,0.57504820201095,1.08296009141232,1.26593907717785
1.08424207564955,1.31470519795815,-0.984905767787972,1.14465913796029,0.462038653389179,0.789885710043096,-0.767584467116217
0.699116391237096,-1.70026523780012,-0.60123319376259,-0.509171335251766,-0.38063481914657,-1.82416582068005,0.313449392568292
-0.557137568490097,0.0537071072364746,1.11301792993363,-0.423374571293233,-0.94342155557641,0.447762319368157,0.418906006774388
-0.981371657517316,0.299392133908542,-1.69201002095811,0.24372345937154,0.363744456451839,0.236679539053919,-1.50293675319322
0.843375933308724,-0.430127146348851,-0.49345546558067,-0.35681546849132,-0.29902028967404,0.0485010335986427,-0.821445381941791
1.66940805174136,0.213196927499958,2.15631651956223,-0.143699542309166,2.34881306344213,-1.17444372636142,0.531277712083691
0.82267505316847,-1.37251814824662,0.330566633130186,-0.602764709200526,-0.69776622325049,-0.785760534580363,-0.198793326173002
0.0805645888338025,1.41539149411594,-0.33432296516528,-0.627632964472889,-0.524271972846687,2.15783643446253,-1.68925378393527
-1.62873321633155,1.00112953131867,1.45222718010344,-0.0743825803332044,0.743145393195232,0.36930941097776,0.0680173863444568
-1.46794579456474,0.911702305485166,2.9682416788801,1.5467810877814,-0.147010060120419,0.682349653340567,-0.781677818206991
0.138708187978136,-0.548541085459387,0.196577705584338,0.775477780181769,-2.19828664122494,-1.20772960366541,-1.53764889380977
0.0617396408981891,0.0786291741862295,-1.01333783869018,-0.071445058220574,1.22440095320206,0.0217895496220284,1.50031921828213
-0.668427454290379,-2.30014290311088,1.05082387435959,0.661372540099074,1.87788535047559,-0.472070750695825,1.71363689942712
-0.476305472236268,-0.0656234238228914,0.0273060144724824,-0.0135007218911907,-0.99793598547218,-1.05003952738005,0.277712710138219
0.721685116001859,-1.06074053820885,0.963862669435958,-1.77080869095495,0.75131275166643,0.869212571738454,-0.396490863136034
2.30532768423901,0.496432288193876,0.476489598287393,-0.622754928740825,-0.883163199562087,-0.28439967112687,-1.79258431657672
0.354341964497948,0.388765997381724,1.07742477462489,-0.264521266477461,-1.52007780420878,-0.626658750777137,-0.498091121389437
-0.547273721000382,-0.72047935915495,-1.42724002793003,-0.178360340804336,-0.754961346428256,-0.359555150674168,1.70190342830595
0.385907881018546,0.216577208154136,-0.628743443558864,2.04009548067705,-0.0366054756083932,-0.677219438803011,-1.33286115577828
0.577314887979284,-0.62146204012474,-1.04766768557937,2.88041623599823,-0.258825393985468,0.276035488252517,1.32469021767344
-0.579161736872054,0.576614284712521,-0.304179719820185,1.71345696489761,-0.312563172734958,0.856748296815854,1.54292900584526
-0.382712615223078,0.214175642797868,1.01487191800455,0.916144675202168,-0.314033463824109,-0.510041082920069,0.100072712501765
-0.172751549266552,-1.47996344802458,1.52848034994136,1.13353740428723,0.612374078115329,-1.11046667577446,2.16535106155715
-0.582684362500604,-0.262255302559216,-0.667482923764227,0.619467451366266,-0.277517368104301,0.358028072874302,-1.30983787422037
1.8439940801405,-0.273270300467186,-0.120606387430432,1.90756368118851,-2.07637104012011,-1.20183856616248,0.0141110828943397
0.162201910248679,-1.00861177676234,1.61811944203349,-0.372924502880558,0.648082126001086,0.0546982507565855,0.0668714857689815
0.177756112271351,0.815628833968601,-0.0475364342982453,-2.04726107583884,-0.0125704829505244,1.16850638179518,-1.00104992147653
2.3575040942102,0.244451026020779,0.590393405715603,1.27640435922694,1.14156725293377,0.787721852619924,-0.650407971286314
0.90361153569068,0.0545884761557688,-0.472384405959476,-0.470299041749901,0.826460691587958,-0.105636390573413,-0.378330724418543
-2.30022278762293,0.0638660497495116,-0.793603813225531,-0.828711163216623,-0.851241924621155,0.549160530341166,-0.0769811804104985
-2.75331338303522,-0.528113969816582,-0.303554995784575,-0.779105654335422,-1.13823203672077,0.96100654219952,-0.312803951761735
-0.849011739225429,1.17557014148831,-0.826444625592079,-0.427062765128497,-0.3631808332448,1.17581793613528,-1.54498893944639
0.0248073091007626,0.429992280236656,-1.33502304611798,-0.805433185655687,-0.921562181649711,0.523681263143274,-0.716607287993963
-0.27172508722939,-0.710631126737908,0.496273235244861,-0.656721745746357,1.34861424024191,0.20486476730918,-0.0290373597628517
-0.674192306170065,1.07766733182711,-1.10966780315679,0.42791387922312,0.636767995192029,0.32732506242438,-0.295961914483946
0.524601941022504,-0.354851992798038,0.876955388132638,0.77756201481017,1.23591255958444,0.476353433191856,1.27613956073187
-0.0794854555708791,-0.219286965733274,-0.508941166225115,0.0220605400299212,1.62342963823057,0.355216524572323,-0.183537509614284
-1.57271631347673,1.18994855868589,0.622111660706889,1.12605531892217,-0.766369403759652,1.18996699339582,-0.405150588854795
1.21839072923752,0.378542574561877,-0.0968718231685236,0.748895037826499,-0.226557098298683,-1.06921811228703,0.974119071468774
1.45313785565016,1.01341083737181,-0.569724859354191,-0.161249741400634,-0.0595120214529139,0.079464885821577,0.344703575949408
-1.0570461429817,0.432727536415412,-0.230509789264203,1.14697607088006,-1.38338997426752,0.759741668833746,-1.44401237061612
2.65611743347647,0.408632575135079,0.268135396555223,0.111608125688938,-0.321062604901373,-0.436835161924977,-0.155290370921234
1.67747229893786,-0.206457655081325,-0.510792346357234,0.849159567256524,1.48941131086678,-0.733219428458937,1.15097061863764
0.598716565450107,0.346870615305569,-0.848327327245782,-1.57728144372595,-0.000518525645092163,-0.493746713478169,0.0879444277676568
2.4229140591242,2.1562450990608,-0.827572464141982,0.382654870871682,-0.872380559179293,-0.948379903958091,0.341701660002742
-1.3265134582572,-0.656783138488515,-1.37230542462558,-0.725897467511071,-0.725878396730281,0.189323457583419,0.161506013545271
0.0647376022108708,-0.9065325112828,1.72675713976545,-1.59144790823062,0.853625950003155,-0.398560728701085,0.130600079848117
-0.580167051593965,0.598475882933494,-1.46571064467583,1.10380376075014,-0.555019541884715,0.0690315969500186,0.293954780677044
-0.366425018991005,-0.355860042720589,-1.71418644682798,0.448441085808303,1.2538955982012,0.340113368970787,0.017965034001556
0.0623044925156848,0.257648338813307,-0.299316630605732,-0.0230792559652478,0.666620152976516,1.78857085230943,0.178227643015788
0.825349575750321,0.286358422959978,1.73473938333428,-0.0673259909634186,1.27042956184664,1.46479365721668,-0.0798620050870749
0.625835520818921,0.693391368925734,0.0847946432852189,-0.0701603113716136,1.76564732412619,1.87459090790357,-1.0487483142007
-0.0202440868310141,-0.129733182699211,-0.965253318455691,-0.701299134989057,0.943283404529905,0.224172992283859,0.195911277079982
0.552492143463361,1.24638567264379,-0.470935682476996,2.30774765258899,-2.27470086038895,-1.3287830728436,0.679449127954289
-0.563130996875912,0.612652360899467,-0.306008140527555,-0.974823481052342,0.0275428411043987,1.96134970347512,-0.312739892299899
0.44487022420463,1.70273475419919,1.11874564225821,1.0413552946764,-0.128433033687532,0.762576087340508,-2.17545410381618
-0.627169618752022,-0.289361639423731,0.10470299686776,-0.822347572567745,-0.330929824233216,-0.501099708738775,0.328911918821672
-0.323400377469404,0.665987121124954,-0.927935849955231,0.27219717331942,-0.761212516009345,0.582302815640583,0.922497960715606
-1.25382688755656,-2.18798209561165,-0.193179246102927,-0.412344573043661,0.493220266255529,-0.756672886339455,1.93282464524275
-0.0165793258063295,0.320813439751256,0.582616748864641,-1.70001093684659,0.273988458897672,1.28185409813573,-0.802875144785395
-0.804496067502977,0.0184779195435787,-0.734628976667347,-0.741715098348924,-1.35297406663778,-0.998400274075402,1.07823446196195
1.18687120664564,-0.452354179210996,-1.22630011844451,0.0722811039646625,-0.0386606206323007,-0.483181842587589,1.55559262310608
-1.58577133813501,3.37026145703458,0.418817572608318,0.53599662927064,-0.681198461184581,1.65982437134081,-2.22273018882698
-0.18125445418088,-0.514181345705545,0.57761421727613,0.231141956576227,0.817324624304373,0.747474329513667,-0.257998744609986
-1.67929178366654,-1.40232918640129,0.521973459465166,-1.00492251383328,1.54720583305723,1.55432049637311,0.0786521433907232
0.662527109213824,-1.87742631616558,0.349390128282759,1.23752933571542,0.268484023423401,-1.42346191649383,2.48929218622477
0.0104174231910957,-0.310993869731623,0.541655520522494,1.0357714344017,2.74631570684663,1.75269699970094,0.525751047152804
0.502274328497543,1.63657354311222,0.172840356434289,-1.04304772909321,-1.09908491748887,0.374158659117662,-1.05172173899404
0.53733378087065,0.837006596594694,-1.4920829470154,1.02075055479797,0.278007104600623,0.534261818176316,-0.0875351384865045
-1.1072717953173,0.810495766707292,1.64467852659374,-0.729140538015021,2.44119821771742,1.96736894205676,-0.0829806829793624
-1.1904330327249,0.347284353430197,-0.260384908445242,0.348031424011511,-0.414210437756206,1.39924817683115,-1.73668641151496
0.0330675005641226,0.670846040883527,1.18384892447411,0.903199192673666,-0.572776080095772,0.293735565169891,-1.7665410860863
-0.132527157683124,-1.24814731561383,0.166984646558029,-0.0601032493968914,2.07412715889953,1.2171815119112,1.4614132356112
0.372055734775485,-0.359279180245217,-0.646828151709811,0.458052524793917,-0.315911816612727,0.842403338832363,-0.993527643282161
0.212911585864561,-0.151802412274563,-0.259838796746336,0.80814186596374,0.563896328588882,0.867353315007696,0.316515477541946
2.24828779738148,0.318167656198486,-0.743833858944374,0.901230544344726,0.0441673173035444,-0.720731354518574,0.0695569386681057
1.06802419787304,-2.38486249703729,0.482323981729177,0.331644553429816,-0.511008018688216,-2.10272791270597,2.34346999344495
0.0693963838843952,-0.196003071802174,-0.0955058952483888,-0.861799996648618,-0.752043409411459,-0.954808146398132,0.465014831951054
0.507165254371161,1.31789155958056,1.38872597155633,0.287636138189419,0.701227439320809,-0.946788738373361,0.0327040539379933
-0.742981803738625,2.90880852912272,-2.24070314446359,-0.353170208241381,-0.745272562607182,0.6232170099186,-2.63745079762108
-0.236258914702109,-0.250947441476566,-0.789987636310366,1.05682511940587,-0.423615948753228,1.16122500304849,-1.07269490526246
1.35558997365267,0.440643573651245,0.748132768133626,-0.402566587805711,-0.128867758391684,-0.853271476277786,-1.29168523894756
-0.509158815084044,-0.940278008314112,0.777943066012632,-1.12614044265946,0.207512857134701,0.0784052316598786,1.49110766733378
2.0116786436903,0.627509670050679,-0.460764086754784,0.214980220102946,0.541242701036652,-0.976035815187667,-0.797302634652897
0.20388769291581,-1.15991830251351,1.21307403342136,2.09188062767004,-0.349697317991716,-1.89731096995438,1.79221859718896
0.526953225053447,0.515448318232551,0.517748556273685,1.55330130410207,0.960638302432425,-0.443510374068318,-0.218333734762009
0.732007459689663,0.502897308714212,-1.02646038774815,-0.22826307486931,-1.73626669403835,-0.521718264011062,-1.53922907837525
-0.545372418059329,1.56493586272909,-1.28755993622009,0.348528387150639,-0.211877721674998,0.359286597359355,-0.056848589998755
-0.403792283143017,-0.272700041868417,-0.973379145726854,0.574924724521042,1.54241244962447,1.61264766579948,0.133023324513069
-2.04732837516486,0.0908028432997498,-0.568728088993462,-0.985232750379633,-1.47934643564715,0.187439264260038,-0.207943809461095
-0.857707038609805,1.14561114150555,-0.811535772382272,2.24279787498956,-0.655663818376648,0.521188433886445,-0.982654573787169
-2.33698903708701,1.14459686622757,0.488692623513888,-0.127988141272993,-1.0072094076656,0.849888825664021,-1.10732924321052
-0.207575508277284,1.09476366674422,-1.78814285079068,-0.872446276709169,0.872900561956987,1.44860070655183,-1.22820273932854
0.263550509450914,0.062954089757982,0.755427276869994,0.64706101860521,-0.525689373633745,-0.0341193352665847,-0.0397253957095322
-1.10851254047583,-1.26596850559502,-1.99723903102594,-1.95723750515544,-0.256206667747979,-0.318465726069572,1.31872106471698
0.601801150735604,0.458795047407202,0.644875136511071,1.21925712998667,-0.372813524248007,-1.03762942699411,-0.658119504413184
1.7625144979801,-1.79407638317811,0.967610960521064,-1.37027738364441,0.350455903959141,-1.41807841037162,0.000211204910889252
0.0105364292845847,1.67425833944536,0.679374820292465,0.216192639546429,1.46541793317408,0.748488558029001,-0.538928003767705
2.22894425688078,-1.02203500539214,-0.735530304691974,-0.124339026201384,0.874121698543315,-1.77319660703892,1.07617206465546
-0.098248876281809,-0.381143025968906,0.523815753543944,-0.209631796937257,-0.795667832784684,-0.213331754295727,0.477311431165729
0.53120051019709,-1.35050956265596,-1.39097152168598,-2.501008339412,1.22039556085468,1.4026413162577,-0.453016587639217
-0.374090180903985,-0.215914506807173,-0.840045412270807,0.459609092213808,1.31952092485421,1.83533889776279,1.63148107936389
0.949144938855469,-1.226116889294,-0.751149326833788,-0.558463046474672,-0.396036779898041,0.271103371069177,-0.271570527550985
0.100624539752358,0.0801520838627216,-0.27459193992593,1.12123246028411,0.229839791929193,-0.400057397706468,0.264742332112086
0.78671909192,0.550073793529142,1.01091586876003,-1.02711543159767,-2.29332845987704,0.00827667762589701,-1.36185242051926
-0.947098158024152,0.202800050584991,-1.24412901141145,-0.368628374188234,-0.0496050377941028,2.21798663299629,-0.566930018935704
0.27200440058613,1.14373111450947,-0.422028319207828,0.823968941866419,0.964301714243578,0.695665173618652,-0.503277538875629
-1.42340787166169,1.18964151177636,0.909037951341096,0.263337903640439,-0.956598448213981,1.11787154693251,-2.76792853610487
0.566479249737025,1.33942858613191,0.0406517675889657,-1.36119044159237,-0.318615303770473,0.434197903296111,-1.74082658395929
-0.070768703900594,0.133155815735647,0.567629573052516,0.846664978812945,-0.108578840804947,0.117204889283004,-0.538883041628268
1.06614415608832,-0.609259691309865,-0.267989696266955,-0.61854183850583,1.31102944015987,0.022718042385947,0.508138972425877
-0.142275885068416,2.59048374052829,0.684147731269546,-0.555630211838766,-0.226316404304269,2.03689118381292,-2.29004950381551
-0.160135659292465,-0.387389350530857,0.382245153941696,-0.597631668943402,-0.812634467938143,0.94871488514953,-0.102338170564263
1.63570147968845,1.00297146497308,-0.71781413065969,1.5637883326146,1.24553295646085,-0.643314926898392,0.689087451335945
-1.35502384057627,0.0230864679127038,-1.11252694140687,-0.617827354233211,-0.37180939116551,0.140149086304068,-0.571040584780592
0.0703470740263211,-0.169071645535945,-0.361263997473524,-0.712088603093417,-1.66659086022899,-1.06505202530515,-0.670857327682297
0.154210253949159,0.9853950005845,-0.847954714097133,-0.222355970209136,-0.442070461622038,-1.37476922573342,-0.326460534120554
0.829133464082344,-2.07033980659206,2.61890501594353,0.307100937081746,-0.309054655367743,-1.51565968289225,0.0496698066709236
0.347230655474987,-0.435109353279122,-0.889809007415968,0.840627427424275,1.31011521547916,-0.016874462433151,0.140383758192437
-0.257209503338099,-0.254656207616581,0.430336452212858,1.87605741954397,-0.452405688898493,0.843061418581524,0.39152454117418
-0.64787481704445,-1.5622699737112,-0.201556777864713,-0.530291616827577,0.50193644182906,-0.33764011827817,0.542120186348973
2.48682588267391,-1.39166392477929,-0.748529225007968,2.74817167962321,-0.480646854000349,-2.80764448728852,2.42381437239256
-1.4702766246751,-0.905717721735126,-0.261551999724821,0.133461824045296,-0.363534484615443,0.143363668786163,-0.916979267619224
1.06084320166851,0.406570840411434,-1.09478508831146,0.664271923872673,0.0170253032280223,0.251894143850203,-0.234098093200369
-1.45930576906434,0.118492102768333,-0.662006497203845,1.21199336053909,0.478168576862282,0.481789562539347,-0.69931897641269
-0.296601889627816,-0.706693082147063,-0.135181452796173,-2.2397632512188,-1.43815005097577,-0.969632839880537,-1.35155931292354
0.515462626260946,-0.298182093345828,-1.26741030910303,0.025490795810746,0.406499780882148,0.433154617618479,-0.381640902864506
0.45219412182851,-0.748798647084381,0.564019374681169,0.799256574587405,-1.89467290795109,-2.26135789289185,-0.318651952630135
-1.34110941775137,-0.693593144914545,-0.673334659452367,1.6939844680155,0.539220825154929,1.10584130654523,-0.0617647393305441
-0.177148807883223,0.22440328727088,-0.528403527627372,-0.44178070950333,0.655023752543133,1.60016100131161,-0.563734700735799
-0.959910284333652,0.588153505669395,1.09660925633192,1.44649650204494,1.0124650387088,0.565670304604767,0.336316138364114
-0.497266480454884,1.02303200815782,0.825322763301667,-0.117256214085584,-1.48011242139504,-0.404112540739223,-1.92353241393327
-0.59471163287351,-0.202670791952431,0.824526875597827,-2.64432266006701,-0.430039460483449,0.861807631286916,-0.0303534876298676
0.782504334990692,-0.134561243990842,-1.15629545337995,0.0725031419115633,-1.05603942122856,0.111096416736955,-0.376680797161727
0.497401952961684,-0.426828443175846,1.10253530964982,-3.11392189221194,0.0782976006204143,-0.255889110113753,-1.25228995570936
0.263148508685677,-0.0376028160901012,-1.55875275263143,-0.849752746150102,-0.13064012616294,0.156548353281056,-1.71784763921947
0.314551852371159,1.01565791660781,0.613002759526104,-2.30009449019339,0.76348875001907,-0.0932582129478499,-0.895851825184882
0.23014831545517,1.16191018683947,1.20932384835692,-0.105415375981675,-0.824183297232935,-0.682214628007649,-0.611501897341768
0.885078713384607,-0.216435962942345,0.758140392584358,-0.187263607481846,0.0416100258482364,0.123122012419096,-0.925258039057045
-0.160922440438965,-0.801947951221737,-0.644009861890975,-0.768399788887489,0.579729652068848,0.0340914368937175,-0.251275058557829
0.972722531401379,-0.812491655218109,0.00879098533034713,-1.97844146532694,0.284985976565489,-0.537864546627213,0.22501240855126
-0.874199803637986,1.14780007274418,-0.447520801920153,1.04521188290674,-0.10917991179256,1.66047435163059,-1.11173027504724
0.309764241785316,-0.751150691992965,-0.269467491021654,-0.221549468366513,0.392846043194227,0.052594266200847,1.8209035025868
-0.0982830847999694,-0.121670743544858,0.134877341840628,1.29869057006852,0.541930487945697,-0.000209953875122675,0.277843524656661
-0.863131930838644,1.03224432324653,-2.16488963774193,-0.823993510604619,0.812092454892084,-0.0354780241301082,0.195189079189212
-0.263815448734883,-0.258780363881608,0.394786401807638,-0.90341296794432,0.590940386384305,0.134033058249658,-1.75134809188066
0.398373702869069,-1.07618275637451,-0.733792184213044,1.93912081695695,-0.152520224267268,-0.459676607710499,-0.0492089858712614
-0.994263808379704,-0.766034562410793,-0.73152956794059,-0.557680265473779,0.146711716189658,0.614973727290607,-1.09457786595548
2.97814256505764,-1.04280734016036,0.14259451853032,-1.17713042484734,1.76728149382312,-2.43317528392201,-0.142785929540813
-1.07979738868406,-0.42208436794311,0.212331427824938,0.85221602718401,-1.85222596757027,0.574724605833393,0.524664076872265
0.248833077596113,-0.651416755561767,0.418357893164219,-1.27781023520785,-1.18839941829044,-1.59499739218082,-0.0656057290738499
0.443460788825806,-0.636667705409347,0.402133880403831,-1.41407770051101,0.42574803106363,0.296173390621012,1.1276128219398
1.44051845833361,-0.987325379686062,-1.36344478302754,0.858045082567707,0.958064331065514,-0.747638663932519,0.474254558241707
-1.33826421704401,0.19891393661777,1.1504557080678,0.83777607918669,0.720852480093229,0.0836024275449781,0.205698527603752
-0.842960323925773,1.15578366401333,-0.64093376490473,0.203133358033477,-0.752407320187652,-0.036715872071639,-0.798746744548966
0.620827604281257,-0.76958333158398,2.88815146666478,-0.134694345540159,-0.906616255772668,-2.29107581748369,-0.39417481788518
-1.45613761640349,0.782083007263693,0.886956061423899,-1.40178626367459,1.26894658658263,1.90331293015882,-0.189780570589426
-0.493299677619972,0.480072341935798,0.237396759958967,-1.40144647624574,0.299903940505099,1.07148513909301,-0.883142582913801
0.823420414663637,0.0895210541000478,0.723126812756586,0.0299552683189826,0.203875861890339,-0.243326376351151,-0.850699138296373
-0.351333727954288,1.01310818671721,0.80330441818758,-0.700790961146965,-0.260838637186544,1.15106958081013,-1.67529706748366
-0.567129456347835,-0.416092989487898,-0.308899861750523,0.920543555079411,0.580066826244381,-0.499255927471562,0.539239857399647
-0.983506801602516,0.901036100947165,-2.07540439411468,0.241224413450686,-0.712678829029697,1.20540406964569,-1.47943289003258
0.175044715090543,0.0898268328602575,0.588185697385298,-0.880867780962101,1.06752586551136,0.276712614596212,-0.819438834705667
1.24054488766099,0.114615729607195,-1.50803128448848,-0.262652030740782,-0.597709987525517,-0.223315870556421,0.0814720604201827
-0.913692022905858,-0.0810796023085735,1.36597309770415,-0.592652715881334,0.0744658862388816,0.580367168252398,0.157816277141001
1.5468626441102,-0.371181384230092,0.0583347385323394,0.793814954131194,-0.331318122149389,-2.44746457439218,-0.367842177970443
-0.422324291683528,1.14721539892984,0.114303863839564,0.161463138548418,0.247628688767776,0.543111132092923,0.0023377293704222
-0.531530373653715,-1.9591101724898,-0.1409526465104,-0.307188554991998,1.41352468962161,0.347145334063766,0.989783780247512
-0.348898318124247,0.985307449509,0.236193827439422,0.208229979704224,-0.925415719710434,0.0460109414383813,-0.547422350511045
-0.862775019360374,-0.669968623149744,-0.979483645089222,2.71893137276822,-2.19269586352692,-0.180747087395388,0.717373291097348
0.916864082435968,1.15884830046085,-1.11622574000629,-2.07565686416647,0.765816156874267,0.40865903804944,-1.0469637179679
-0.0318709635988247,-0.788546262218903,-1.22123764946927,0.499003085296238,-0.274159649955481,-0.71549776657087,-0.456548642048677
-1.54651172131188,-0.956370351628338,-1.05728154630916,1.43876302450956,1.05761828051297,2.3139356225156,0.644558276639147
0.192231630371922,-0.490346399140222,-0.667414049753812,-0.379427691031901,0.568442263662388,-1.34570104811324,1.37058411648643
-1.23695667102074,-0.634348200307892,0.0400761620989124,-0.992109501858869,-1.16375064105496,0.764444991286542,0.457556852380289
0.675749477027034,0.132648011011271,-0.161338708334649,-0.489450903751858,-0.625083835983566,0.494345422371133,-1.37069793730504
1.99706284372824,0.467172229508309,-0.768267082665111,0.805489669787857,0.55352968227107,0.725578814027752,-0.586256027265232
-0.329389156334497,-1.54193620275201,-0.35732557158461,0.910781595483285,1.71283807655,-0.671178691418643,1.62962909908665
-0.650420312920328,-1.26931249904392,0.980433333733869,1.30177699004526,-1.74894447553248,-0.322715375826297,0.80485551440557
-1.2760877068214,1.89011111248626,1.28433128466553,-0.948789944892814,-0.37932907132909,0.988065428811642,-0.2060011912712
-1.95667030904987,1.13081974681405,1.62349551702109,-2.08168090464397,-0.149073305600708,1.13963484468157,-1.14008900645423
2.48957118821525,-0.0674215527970885,-0.153264658516282,1.10727102666606,-0.630822472108066,-2.10859516305478,0.965669260091926
0.0571706193187744,-0.968040865956736,0.307385088055181,-0.980153968684305,1.44559935590884,-0.183569682173073,0.0953217168953173
0.194398561740859,-0.22595002376338,-1.09016293222901,-0.388634790868397,1.17146723316792,1.59928539739551,-0.20440785917313
-0.728598949230823,0.564620644181661,-0.64560045501449,-0.29973361028844,0.766971745627489,1.14483504095369,0.149956852531063
0.0748016059581053,0.665215434240356,-1.00367092678737,0.991292238740286,0.811447876173627,-0.0749489547403254,0.594399870939418
0.140093474707367,-1.27917389543897,0.493530250828766,-1.32004275897434,0.39861917453491,0.0051659974035832,1.35174220175725
1.20402339664431,0.343687900900168,-2.05518213903039,-0.0955502572311085,-0.13785713300792,-0.365992986226022,-0.541344139423145
1.77060294471945,2.26102715960748,0.377261955537557,-0.036012854991947,-0.738865199203486,-0.899163638339958,-1.41079851356463
-1.08353113020527,-0.225673128416696,1.02690266899366,0.708238178041558,0.642633654509529,-0.321309402549837,0.254441454691
0.95204652756237,-0.288011501604513,0.133997713099474,0.365785865560736,0.124300034578246,-1.20502701730752,-0.0688809061393544
0.389155611874212,0.214669014331691,-2.46800659805148,0.799662865722556,0.778574715406022,0.25546607049207,0.643716772460276
-1.8526703753673,1.35413155018562,2.01647702483638,0.144652366109819,0.959666063340609,1.4038692287981,-0.415303941734711
-0.114356604711687,0.322975988966657,-0.458716610841888,-0.141738670420196,-0.571528229498081,-0.510162619356359,0.489098948389635
-1.03914805675163,-0.148223257426646,-1.76829782316724,0.136391446457401,-0.0869544546383442,0.658549068447457,-1.28947939393311
-0.267446046510111,1.44771607372197,0.597798554729119,1.45819803942061,-0.200063018022357,0.821378197404356,-1.82787348665849
1.38870160174387,0.950459193605476,1.35806047691297,0.417555541234482,-0.358666112448107,0.199793140047525,0.128983263538911
-1.96895863780715,-0.836858294206015,1.59376611134004,0.385041751371688,1.77873806020895,0.322562533673038,1.37981204306203
1.01485363877016,-0.214669218477112,-0.192995433740195,0.763628841526541,0.713633478648403,0.317243600599721,-0.220730697268215
1.11144002245348,-0.924061186849918,0.774661796161921,-0.632812910572584,-0.733244882397207,-2.26221086528357,-1.02519755938949
-0.244328973898295,-0.582584311876412,-0.475835422193441,0.0728394385653425,0.276473470985226,0.620503943535033,-2.05035579600824
0.0856550932335012,-0.770326211283694,0.612679502659337,0.702971342843889,1.35152178057845,-0.355019364410087,-0.142957947991285
-0.913775859975312,1.07104446139871,1.2964407509365,-0.798023194211953,-0.143402013982281,0.335889430853863,-0.921525544005864
0.405911241346673,-1.39001145471179,0.458915579898817,0.950495235112701,-0.689012015364576,0.0302192676315352,1.37040780219706
-0.872534423326202,-0.442871405364157,-0.0900080876451652,-1.04737041516339,0.179519586028256,-0.0239450138302208,1.0161500795379
-0.423197527998372,-0.285217523023608,-0.0976145728130233,1.25733050650085,1.54820274842997,1.32411624203852,0.0543827052211441
1.95481783132821,1.177647839442,0.186008855478667,1.63604246523342,-0.282335192291636,-0.147067954527229,0.100868647058207
0.949132335202318,-1.01326915377762,-0.9788663674967,0.954656418519503,0.950121392188861,0.639092894129763,0.516487439188
0.19820466108746,-0.935497404094853,0.807365819211621,0.269099147729966,-0.654684727347243,-1.06657889389213,1.41083906038884
1.12976981689065,1.05568121527565,-0.799100305852515,0.707868680513432,-0.787824020432444,-1.20820041279515,-0.857287360586355
0.00268962241011355,-1.13160132034887,-0.870216493050279,-0.481798532433677,-1.83391388990666,-1.48605596968352,-0.456797867056961
-0.596128343802701,-0.120183198839267,0.182857519508825,-0.990987770831892,-0.738436132401194,1.02518024843698,-1.36630404451347
0.0308591461306117,0.569090894438071,-0.124414823322737,0.732444548422701,0.966575350623809,-0.467712830495132,2.01594956987969
-0.365723549658131,0.827022766751177,-0.138825713353525,0.463431792134803,-0.133031560626648,1.42987282649767,-1.17949207777159
-0.682236086987594,-0.589057809315493,-1.54166743144355,-1.07472718734536,-0.669173409858177,-0.0192122463445434,-0.022520505578963
0.211929085773987,0.258789838233584,-0.769604062784469,-0.725296474077435,-1.00494199637798,0.423303344890172,-0.839269252522462
-0.935662282903458,0.0945584491241016,0.884788862569029,-0.663121652470398,-0.716773257786338,0.663294166434919,-1.06536857776605
0.832584638133133,-0.110615994330978,-1.71488093203001,-0.266337004666746,0.256442570767523,-0.555617738029173,-0.279474413750308
-0.172444903604238,1.18702106969988,1.22888562480575,0.43326964952391,-0.134077283182192,0.205430998903772,-0.821445145331579
0.0711639813254006,0.166425672261314,-0.216442650623486,-0.198770228374996,-0.338853864594884,-1.28022071819313,-0.830466670307734
0.494772418713721,-1.17757492761294,0.218780861251244,-0.641523092994126,-2.33580022267275,-1.34735738361271,0.933777071051797
-0.343762596372006,-0.358009126758724,0.703018186297357,-0.49559452787864,-1.77138888976117,-1.79221703643787,-0.636966761943314
0.765681326525854,1.14217865424224,0.356095457584302,-2.22965674861578,0.813577575564825,0.858683278758202,-1.37373649258393
-0.265872780016734,-0.517735386125941,-0.616646241673009,-0.505693896533198,0.910525267413468,0.469205300497664,0.0627123823328398
0.945847037862536,-0.967651993434825,-0.485277628899917,-0.0453007088508152,0.0103246776277074,-0.815254721893578,0.892644830964198
-0.561062932993126,-0.0717060276758839,-1.23628496356713,-0.146205570465801,0.979374513893628,1.2137218227289,1.17267418600352
0.38368572270749,0.296564149592336,1.38383121344478,0.874762282007538,-0.26632678792653,0.327116921342168,0.102741261236553
2.11089996047058,0.969355138899185,0.0466053981053058,-1.77311971745296,2.80767794615734,0.959202535775938,-0.696194534093986
-1.31563729153833,0.128192055315974,0.323751802913402,-2.01576718998696,-0.77661288911564,0.2658093437914,-1.8671924600841
-0.682205789642453,0.112583112386099,-0.424219519125975,-0.687763566048673,0.600969724408263,0.487298144966693,-0.645620337554786
-0.826065678733282,0.162016236227159,-0.288437420494434,-0.216557982038629,-0.884547943570924,2.28734943514635,-0.0824421297235136
0.949919371779312,-1.13398554005291,-0.390539161205563,1.58303385204936,0.000340202958018065,-0.666301446194375,-0.0138534925410178
0.795871556724137,-2.13565028680741,-0.676465069528144,1.30232101857522,1.08523662396698,-1.22309603697133,2.1076318048326
-0.113304392488582,-0.60673227420707,0.861628404830877,-0.639886644379711,-0.250495155375435,-0.976781861934375,0.343524085553227
-1.40169175889429,-1.46946098031022,0.543819057903075,-1.42427702688541,0.317987096885866,1.13048529354279,1.53728467564557
0.588964770599611,-2.92211508255178,0.583529607351664,1.11366086230579,-0.397573226760072,-0.613812365940181,3.2233888834118
-1.01465218586371,0.917855236346145,-0.485420730096541,0.363776540273244,-0.877711216455168,-0.0286937162200023,-1.18503154336135
-0.837961705856968,-0.327641659117426,-1.25717416214461,-0.27182671762585,-0.610119556629293,-0.063672162835559,0.772148094890765
0.997192657345597,-0.301288427520401,0.185565118988064,-0.48823954678205,-0.583539816500355,-0.847704266851364,-0.458438281179286
1.58186180375782,-1.70604490614609,-2.04683401766849,-0.867993701823385,-0.270604885528705,-0.44329496793306,0.748021352993854
0.518899451091527,0.734825970586788,-1.32750052668793,1.10887282776286,1.00203413959305,0.472614771581485,0.00154027133977311
-0.717304434627913,2.16663783686418,0.447195837051259,0.0882398380238438,-0.816453953405286,1.08418744599462,-1.65180186807648
-0.313375888013631,0.175207718858873,-0.229482794850228,0.59351546361006,0.996823191965151,-0.21359089643639,1.38611708739783
-0.340582146482033,0.0411597217388762,-2.68601831366716,-1.69560268394244,-0.532776821380756,0.197023101138994,-0.161354090569748
0.139692658594128,1.78114091722276,0.764584203749121,-0.18941340919791,0.199112273551674,0.6440561256723,-1.8777554968093
-0.25690906217248,0.783934662704966,0.0260418142516356,0.0457012309131853,1.27047085034027,1.17155554930477,0.0963112720478535
0.182008894566763,2.18635872259028,0.539399929322364,-0.909704916976035,-0.392911275977714,0.875961073573281,-2.04569085195811
0.310800650965712,0.0852203060058131,0.501654219961319,0.0265152852917784,-0.0570627929540505,0.440994746791124,0.118755060616426
-1.01912753317035,-0.514707079361424,-0.708252431840343,0.227711458923854,-0.829842547066129,1.12982123051335,-0.415475054923378
-0.542641628787534,-0.898537942610325,0.973526418589195,-2.01693747512802,0.408575108539255,-0.445374673199252,-0.071970144895966
-1.298259356323,1.74106091826691,0.779126097412178,0.375454921536533,-0.972721933252252,0.539363867920988,-1.63380442661609
1.24389131631322,-1.02779958672166,-1.41634910871292,-0.911623045360809,-1.0595920212446,-1.53440719069283,0.016837640392645
-0.296272463052366,-0.689578091417328,-0.203967239725663,-0.879353607540225,0.204012132364682,0.296488919236596,-0.207513222968105
-0.33778550324299,-1.11784889123329,-0.473122170066345,-0.120479823862752,1.47028618268475,1.33710197734102,0.708587184518985
0.585839500337868,2.37958140376221,1.08155616835033,0.0698625766711559,-1.20875757722959,0.632353132239243,-2.44215682511924
0.00944234461667483,-0.0484688304220538,-0.707358825663742,2.65670936540413,1.04307311556104,-0.492778827274638,0.474273330931414
0.260158726188305,-1.85467547874512,-1.81069779016971,0.317465025711915,0.462339241336069,-0.341872803337546,0.789037614577522
-1.25921255708865,0.820437275335727,0.538305304381582,-1.00278301081128,-1.11965785586641,-0.21406805708561,-0.00190666674078629
0.493869810280855,0.292394094299646,-0.529310689561035,2.64705759390391,0.113390977826547,-0.114336551131584,-0.0460833754657093
-0.0919586010453759,-0.634874787186339,0.284162726455205,0.531029302843731,1.74195728497166,0.475794604329669,1.63096557156859
-1.20681110367786,-0.0900248656026699,1.97009984207018,-1.17572982061611,-0.42647539779727,0.497651468590908,-0.223634733733318
1.19314704209528,0.276480391601838,-1.2433463422372,-1.58518964921917,-1.17978842209201,-0.482623782849348,-0.199338972811397
-0.184418153606362,-0.694304468502575,1.79152593050062,-0.250975381353138,-1.76248510186286,-0.948006219915653,0.25415081258435
-0.7319127684068,0.705058674311384,-0.721032909924962,-0.153363542074918,-1.15853890177069,-0.791634481890459,-1.94273399853488
0.448937693020759,-0.951079746071135,0.447059087179291,-1.63787770513368,0.112478307573906,0.28952666768669,0.500519692353484
-0.825467402200808,-1.32275798346719,2.06815419121932,-0.464543100837395,1.32009721835381,-0.554670989176582,1.87970342338796
1.3383259252409,-3.45105298724876,-1.61988815209862,-1.56787883070811,1.19987758184907,-1.34761665973159,1.59041147065076
0.815195436653499,-0.440769232548105,-0.982306078537062,0.0560925934249338,-0.0758358379747077,0.169620213125586,0.545547723204556
-0.4676649450402,-0.351185889309123,1.39868737683754,-0.839194162766339,-0.532528839055231,0.517625160380944,-1.644811751067
-0.629465221723129,1.54138205661793,1.69867867654027,0.790972042205688,-2.03933795098557,-0.238505967792136,-0.783822074471015
0.207917413872315,1.1580561702101,0.806876167413255,-0.0847808666722634,-0.207616719839759,0.0489770476436326,-1.02571421105184
-1.86633007053826,0.123627886334031,-0.752091370769975,1.34804039342386,1.0195282508097,2.19913475280547,-0.555547340958903
-0.0732508873475599,0.469175178383355,0.0792772686405824,0.587041683756108,-2.51400984612753,0.021010845440405,-0.671670880175594
1.27938973568123,0.435970390418966,1.04875097403512,0.339955287421566,0.507480875961231,-2.02803757738377,1.30396757323327
-0.729274272689653,-0.0657357130443424,-0.388530638503264,2.11321552050096,-0.778396337089953,-0.499429007686018,-0.134941334253457
-0.114858089589381,-0.00428974210829275,-1.63988682081371,-0.310810453940207,-0.775034232425736,1.44091418727531,-1.44954944041326
0.157410301165378,-3.34571483301851,0.676323968524633,0.218765552004357,-0.851515299966159,-3.03717667294488,2.04940865337383
1.02994330735592,-0.536085382884747,-1.13394117671259,2.78144483397388,-0.140516007980307,-1.0023995849465,0.670218439112592
0.751495050150527,1.20177231959597,1.12753788887103,-0.516699319231961,0.0613261140677453,0.217181612886337,-0.737100675127279
-0.617922239636536,0.6691244874621,-1.00556983133658,-0.821622591301738,-0.271062957916684,0.757162065806382,-0.349160489866704
-1.09346724088398,-0.0432398472809303,0.716551562211673,-0.151603700350271,-0.900157172409064,-0.265400834148392,-0.84114536923037
0.784953649493618,0.786195194807561,-0.379918774292073,0.00198144199913631,0.638061348158266,0.147486273019527,-0.188561164338014
-0.987048978145731,0.525980172790208,0.543232273337072,-1.52492662750739,1.00086141890737,0.669934687426861,-0.508458623280919
0.955002726100481,-1.23335198043432,2.02307763975182,0.196214466512353,-0.204967996480752,-1.05239142843289,-1.07116731383462
0.969816466733532,-0.323625487683241,0.553354669805603,-0.631731210796336,0.86009807966975,-1.39417954874622,0.655082598344177
-1.67043112804968,-2.08895116956768,0.688049380478746,0.494438987947383,2.08289624443184,1.68716429874753,2.06037351169874
-0.445931212460876,0.0271810445659244,0.277593001205931,0.848172863103721,1.4215461255845,0.277219688625127,0.194738696690409
-0.0783806142666952,0.0400184424874323,-0.970133462149989,-0.51739482325248,-0.427712515576343,1.37210373398838,0.410602312312075
0.292234033423595,-0.482509981814445,0.970243287960616,-0.693203694722969,-0.113865562829178,-0.73680569846605,1.25187692016917
-1.00787443492554,-0.346318634489611,0.123569549119534,0.182926367801379,-0.354316249310535,0.597031695061993,-0.0623310494292711
1.77610823667516,1.36085543434347,0.194756463834669,0.0220860281712028,-1.32160753969939,-0.210312388340152,-0.0874160961173322
-1.04333807394994,0.666698854559856,0.901095740383487,-0.528746669902323,-1.04555685482734,0.83777429619407,-1.76649395642253
0.717013369326356,-1.47124213663677,-0.995959556738547,-1.66800051700604,0.39731209052237,-0.98137068737542,0.688368889688029
1.09539154248398,0.390991798586787,-0.639371125242255,1.18776129705687,0.274907633779512,-0.932369282947424,1.11871317996528
-0.366145027709879,0.704970588335342,0.0328778752812798,-0.396694805358632,-0.865592561814914,0.296203868862426,0.735516323126294
-0.0376838460269595,-0.721429034420717,-1.79432473977875,0.301792303934523,-0.991995279760965,-1.14868563828463,0.852667936076186
-0.267633531025028,-1.04965630301982,1.29784992887326,-1.48402895055086,2.2710782894447,0.732631457927065,-0.0928048996578085
0.930670801957265,0.624218009522196,-0.044257577595725,0.138098891464871,0.278251200919785,-0.902847888868888,1.09630888356603
2.03487561698958,-1.47394069474161,-2.35815771522253,-1.09047605486645,0.693507892824159,-1.56419921839529,1.23178166869807
-0.300964421587692,-0.693126447729732,0.133878574621779,-0.34027599052458,0.024081492069178,0.00200521477619614,0.0716522101294999
0.0613928339592174,-0.491981708262854,0.600383137700045,0.563229503838825,-0.628598854134158,0.164328904718284,0.526695038721349
0.762916323491125,1.38228519331502,-0.206376926592605,0.709549772530727,-1.6501044023584,-0.732097644538741,-1.84082808658325
-0.703154343699954,-0.0290122693104096,-1.05432686282931,0.233218498086257,1.02764848531831,0.714475631904724,1.16866335476245
1.69872649645274,0.82566114153662,-0.764460129736008,-0.0561513311096475,-0.715031668200942,0.743165230860514,-0.51963661279852
1.05346366376676,0.287853528667633,-0.456092627421293,-1.33337639670622,-0.0178052377418804,0.00573550787103645,-0.399397114340067
-0.200550151747477,-1.47186011249459,-0.142798414932431,-0.242871564789998,1.73094426758767,-0.796567167882954,0.566077584979555
-1.2455031383229,-0.166395503054746,-0.106798532002562,-1.45900670960081,0.6916174529669,0.178621328588117,-0.18942297206653
0.53162436196298,0.71760384845596,-1.94736804559775,0.398262262483353,-0.558259673152746,-0.490743666232662,-1.23264336038075
0.475747055122714,-0.68811276462039,0.362719107763089,0.148786608290138,0.35389148726092,0.784012722929694,-0.127691098853924
0.00157131195999767,-1.13569779042499,2.20402193444204,0.403993447948377,1.2924853009434,1.05290054640063,-0.339267195167449
0.774519721814196,0.242981550286465,1.29405354944998,0.19191762437111,1.1288084866383,0.148758589749152,0.0457247161050643
-1.59666795445618,2.35123956525843,0.842628835668815,-0.274506621945526,-0.674393591731839,1.23215142266779,-1.33243486803092
-0.229505648524449,-1.07954697044688,0.689459979667949,-0.301059750209208,-1.2787351609292,0.202415321075119,-0.56375375236382
-2.307848094075,-0.971872387577628,-0.613916107309434,-0.00654095405005158,-0.377338934932011,-0.154962671774857,1.92062079217648
0.0420757316671423,-0.224055582801051,0.0243591680743913,-1.0581747653469,0.625776977130464,1.08534406388512,-0.401408299921606
0.411506188428962,-0.9046420995017,-0.524978648385919,2.74576645105384,0.020372426493469,-0.265328674404808,1.21111606313812
0.308531420159781,-0.930677625482161,-0.710593556216545,0.784395033526334,-1.69022516613611,-2.08239869235794,0.810405713708831
0.722714955704291,0.814288691782463,0.358623452944998,0.667018234905702,0.162784436016984,0.203673860864132,1.59460732455996
0.365096495187676,0.092508891201634,-1.36428111757679,1.23322731621279,1.01794186043051,-0.0362127377255863,0.823544345365136
0.115940623141977,-0.678069243126324,1.4155034575762,-0.302015550039159,0.176810744513194,-0.643727924873241,0.886697957868395
0.871021334380281,0.965650087630796,0.480866348845263,-2.57366437371235,0.287223586341315,0.460304889437577,-1.83823415800346
-0.904278098968822,1.71276408192988,-0.423169546347646,0.801148466338618,0.50451110581662,1.99223625417966,-1.11779273074623
1.53696267667235,0.399959184566364,0.980660475933207,-0.646165539087306,-1.22078205199615,-0.39060009159659,-1.09079579264134
1.08211058998014,-0.822554984903319,-0.276633471889464,0.299469773693324,-0.241231306247601,-1.94877905077394,0.444465544299883
-0.711685390153696,-0.315255833167117,-1.75147942899681,-0.355173091829947,-0.735197439640676,0.97538167353446,-0.476811114326458
2.20113339178523,0.602230298566723,0.880789395348849,0.397867980731977,-0.310427332103656,-1.12137799979962,-0.324315147986206
-1.3291951697071,0.08470756204547,-2.31842996394527,0.78914854649161,-0.408273265981508,0.740751350850341,0.0274990781293771
-0.206759579279674,0.876696492997358,0.145652331681944,1.47998104645882,0.223197178860637,0.370703210061282,0.357814911831817
-0.342402499716178,-1.86146329468368,-1.36443070161868,-0.102048582040614,1.07326751411582,-0.0694186188191245,0.578261763432205
-0.545398251878652,-0.871007957311257,-0.349528467970473,0.670487233513856,0.325110718651792,-0.511607024070303,1.8291493169674
0.639181161845749,0.526871050987142,0.478488817993191,-1.16912971621129,1.73455193552738,1.04121984275561,-1.50429066666494
-0.273580373200508,0.78944886545851,-0.5499958392312,0.951518154031995,-0.695708923024548,-0.189234036014437,-0.553276101626142
-2.12682673170508,0.178447489322942,0.153346327542104,0.343325367043668,0.693753248647747,0.481650847840146,0.795044875723187
-3.09991181210635,0.0861175631874399,-0.0151274081563251,-1.37290150335698,1.57128893488063,1.17090695007471,0.278722553228518
-1.22585257905571,1.49598779121607,-0.305167746846544,0.307079210449915,0.0957963637421007,1.38850684283639,-1.64809014806402
1.69786040708321,1.20542715878354,-1.13214685293988,0.939476283203563,0.461383097090899,-0.0433620195862733,0.372313626684026
0.477016613709176,0.828821368474497,0.195107257837851,0.0949791792916178,0.738327939107777,0.191286771876365,-0.799861688554258
-0.019785044119832,0.151062858194268,-0.729297844448687,-0.76881520619282,1.57851301615767,0.962903026826852,-1.40392216794699
-1.00841945022445,-0.871887558518,0.750966660082587,0.652760657203504,-1.10676364385485,-1.06844319405536,0.255723777893067
0.363071214217932,0.0390326383841822,0.705983566072984,-1.46745894165733,0.772507700744199,0.902543479886059,-1.22802030001755
-0.498534152463713,-0.0973754682177828,-0.539927169084561,-0.371238620672418,-0.886952316295702,-1.06525014869255,0.503906525894644
-0.630281226639636,-1.14756766618449,-0.794560053533145,-1.4322741316651,0.251108953709701,-0.573663334636085,1.014585168331
-0.932199627745138,0.0574958855650762,0.308729473827499,1.03621636997277,0.388584390879114,-1.05212572198164,1.9672920699805
0.182902549420883,-0.360918723686305,0.731680766529864,-0.636113567851822,0.0913530068578335,-0.00200530259598941,-0.677928413996384
-0.225839866553704,1.78997687306403,-0.617402277500093,1.0320277999704,0.0236629863488472,1.51490237215742,-2.33068814836205
1.09794258741216,0.115454961337509,0.997196345177615,0.895990310657692,-0.302895741302511,-0.225927667195607,-0.315240296295251
0.443094591319229,-1.21458422162124,-1.58699518393157,-0.148466779082919,0.856398846469165,0.901288441750116,0.837199237252266
1.00667341524045,-0.291286445180007,-0.642852440951303,0.761752137776381,-1.3397711699665,-1.05947070184109,-0.907535020968156
-0.146369329428446,0.000436428303546642,0.989913388235271,-0.413055181475694,-0.192558053002893,0.893156838787063,-0.659613678473711
0.788717560682647,-1.28077552286,0.695440648717331,-0.252754000625642,-0.354554487724297,-1.85119383106091,0.537380510807455
-0.114166260649213,-0.416086547626218,-0.0104010752990492,1.30344578645221,-0.565168092785615,-0.515669252707238,1.32404947625809
-1.30896909494429,-1.80221427188613,-0.934363529087563,1.39068338263532,1.24312725777565,0.526737129832185,3.10573328928607
0.519178264850718,-0.928557666086106,1.16621823943747,-1.37176895528111,-0.664810589253998,-1.0941484680784,1.03206516612426
2.21866578100758,0.0410645455725631,-0.968334724665007,0.483838708204446,1.04375724955935,-0.321120269852879,0.6137277486624
-0.0312235161393954,-0.667852272909165,-1.07114582721267,0.161234082614987,0.523896354499802,1.10238815282152,-0.297928134796021
-0.697078517118352,0.694588346759639,0.390742257858366,-0.431841843462625,1.56678712634328,1.02936000977295,-0.708559727290065
2.01713215219227,1.01137064090582,0.279968641549847,0.381211222865628,2.24385254324882,0.717211675458683,-0.350528806380494
0.693477193554547,0.0484611501536001,0.0970087256008946,-0.0545768655709969,-1.2744303843978,-1.20337511986824,-1.60812146995236
0.072682679956747,-0.375275239405102,0.459505897132941,0.499416045593996,-0.422158559222097,-0.467028382664807,0.158968148538626
-0.549411146604042,0.317603443405718,-1.04184226245283,0.412449577105915,1.33924830880285,0.182241993935518,-0.0440033560617605
1.50757875254193,0.663818105033704,1.58816189892264,0.205512392021746,-2.77402586414248,-0.979423071973645,-0.617699790982152
-0.25721401891464,-1.28435038243196,-0.582541784397911,2.04151078572028,0.51584940747528,-0.112997933037829,0.482915741297799
-1.37829629810421,0.385869249198625,0.627195301041401,-0.832101573756991,0.276166388738292,1.2845298122629,-0.407815976723978
-1.59713378295382,0.564451556495547,-0.813037529169858,-1.98191316176476,-0.221444830615133,1.32127475062607,0.0509674831614913
-0.147531194802807,-0.601344814759084,-1.33418694137314,2.18182598793332,0.077036560219228,-0.249432392384658,0.660464942637943
1.79540352511225,-0.109569003719587,0.210065374297417,-0.988611361582703,-1.7364101370735,-1.29821949385814,-0.272391876048125
0.222913847043195,1.49885635259758,0.390278177059846,-0.568241856234717,0.673008719391234,0.0352518931463254,-0.909215878231367
-0.123210185034379,-0.543836098185847,0.612438902697958,0.550731048750067,-0.527000358492177,-1.71784750393255,2.35945565014393
-0.107571527173115,-0.707291016035664,0.173156363709084,-1.59373760872361,-0.0538023129198867,0.101204051136891,-0.48037701901627
0.140820948452287,0.0625203655633513,0.555296893999833,0.110258666836773,0.555115637740538,0.136016232013672,0.27189597775227
-0.29979526325523,2.12452069192035,-0.445069121254037,2.50880890281065,0.950516647992977,1.69903444611188,-3.42051057146773
1.11761349925508,-2.45182215559726,-0.0675722425689548,-0.433797842813135,-0.295808253950883,-1.63435689278427,2.18917881827001
0.189226137449992,-0.23303194063358,-0.330738700965997,0.44134749920298,0.281414758522561,-0.618822585789969,0.905332632846125
0.595569225996985,-0.224020689841527,1.56027032320802,-0.145701796534322,-1.01149964102186,-0.0189510694755719,-1.5011106531664
-2.23040753346332,1.24026715697939,0.685249158291047,0.0441120155030021,-0.968522003574257,1.22701599654516,-1.13978463515807
0.545426287077774,1.12788717704931,0.0313595877275098,-1.37688493550824,0.409326557282287,0.592789307660397,0.0164964528796495
1.1522516341359,-1.69298513205064,-0.868151011537785,-0.00682999805991989,0.643546458334167,0.607669329786695,0.866806677151621
-0.456445658424423,2.25151200679626,1.06297666673555,-0.574745755013166,-0.631365491575591,-0.210830189287292,-1.9014689085884
0.843217774609972,-1.28250148426428,0.424780234932907,-0.306789354601405,0.238835132269331,-1.79092164909364,0.681381008326839
-2.06666539896409,-2.81449424906763,-0.733168448092192,0.87071563162787,0.278091338926019,0.523000420481927,1.04010106738201
-0.760409826792938,-1.32838139116628,0.312857474158619,2.02561307469225,0.265464713443429,0.19487031611291,0.153904339777549
-0.568917164684958,1.74873763820614,0.593108109437954,-2.23597915059025,-0.638279579488218,0.746316477462231,-2.46763807353376
0.241422701448691,0.153391684964439,0.423479194433997,0.69938883894936,-1.02068160471731,-0.0606427163139774,-0.72986540692849
1.07690406166534,2.09876592391291,-0.651498185403075,0.59817725946133,-0.795939168843544,-0.114490376960373,-1.10400669667578
0.247269894946297,1.90155691671366,-1.42017787965276,0.529070032060644,-0.0576905883683219,1.15576533250164,-1.73997606337671
-1.76119783810868,0.904413795737614,-2.51744160561937,0.770130612686948,-1.04868136480648,1.34042942193657,-0.834646954441808
0.467261270468925,-0.904737570650662,-0.387231226218523,0.424383780368614,0.621086963802593,-1.17824650468543,0.897274938408135
-1.39612206902491,0.393663477514697,0.631640616503015,0.909226307961801,1.06074885753348,1.97302876663695,-0.172316115331143
-0.340880494064542,-1.53211926788639,0.933357700710305,1.14909496787544,-1.13478419045491,-0.436696152250121,0.154339913683267
-0.604457975884226,1.31625337125963,1.33598333908563,2.64110285703367,-0.0636715651469354,0.627851142696489,-1.10552642695919
-1.62498860827685,0.262923994107067,0.361323652289202,0.708102252561427,0.717144361574331,1.11816303518644,1.57456655622439
0.543611091698662,0.286572961313377,-0.648750573992089,0.100847130220294,-1.16996338680611,-1.74573278360051,1.71907842098919
-0.57396021739175,-0.360017928372193,-0.740113008242635,0.257631922523962,0.897813911890597,0.402387866827573,-0.757275566696203
