y,cond,ID
8.511876445339512,hi,6
8.823876445339513,med,7
9.264876445339512,hi,33
9.777876445339512,med,14
11.349876445339513,hi,38
8.154876445339513,low,32
9.825876445339512,hi,15
9.516876445339513,hi,23
8.753876445339513,med,23
6.714876445339512,low,43
8.253876445339513,med,35
5.204876445339512,med,2
7.3328764453395125,hi,19
8.166876445339513,med,42
7.930876445339512,hi,5
11.857876445339512,hi,15
9.859876445339513,low,4
6.523876445339512,low,10
5.608876445339512,med,22
2.208876445339513,low,11
8.519876445339513,med,14
4.916876445339512,low,36
7.658876445339512,med,12
9.331876445339512,med,40
7.812876445339512,med,4
5.889876445339512,med,24
4.6918764453395125,med,25
4.660876445339513,med,36
8.061876445339513,med,25
7.225876445339512,med,1
5.8938764453395125,med,30
5.988876445339512,med,16
5.820876445339512,low,45
8.200876445339512,low,8
6.552876445339512,hi,17
7.000876445339513,med,43
10.153876445339511,hi,36
7.394876445339513,med,43
5.929876445339512,med,11
6.888876445339513,med,9
6.737876445339513,low,32
6.230876445339512,med,13
7.505876445339513,med,43
7.767876445339512,hi,48
8.050876445339513,med,26
9.147876445339513,low,26
4.988876445339512,low,25
8.015876445339513,med,41
4.314876445339513,med,49
5.423876445339513,hi,19
9.076876445339513,med,14
6.529876445339513,med,6
10.741876445339512,med,14
10.149876445339514,low,19
6.257876445339512,med,4
9.307876445339511,med,39
7.642876445339512,med,21
6.766876445339513,med,48
8.775876445339511,med,28
8.322876445339512,hi,24
6.528876445339512,med,18
6.880876445339513,med,15
7.291876445339512,low,20
8.100876445339512,hi,28
6.068876445339512,low,29
8.205876445339513,hi,25
6.060876445339512,med,4
10.773876445339512,hi,47
6.702876445339513,med,9
6.446876445339512,med,3
6.217876445339512,med,37
7.919876445339512,med,8
3.5728764453395128,med,3
5.294876445339512,med,6
9.354876445339512,med,38
6.828876445339512,med,23
6.242876445339513,med,16
8.044876445339513,med,8
8.415876445339512,med,42
6.0028764453395125,med,17
6.093876445339513,med,50
4.677876445339512,low,44
6.935876445339512,low,44
6.740876445339512,hi,26
7.787876445339513,low,14
4.549876445339512,low,48
5.915876445339513,med,16
5.508876445339512,low,18
5.5748764453395125,low,25
4.625876445339513,med,34
7.894876445339513,med,12
8.825876445339512,hi,47
5.959876445339512,low,14
6.061876445339513,med,45
6.447876445339512,med,41
5.379876445339512,med,24
7.747876445339513,med,46
7.560876445339512,med,21
8.983876445339513,low,42
7.543876445339512,hi,16
6.8458764453395125,med,1
8.162876445339512,med,15
7.695876445339512,med,26
7.317876445339513,med,14
8.810876445339511,low,31
7.928876445339513,med,32
6.200876445339512,med,11
6.609876445339513,med,36
5.717876445339512,med,40
7.297876445339512,med,30
7.439876445339513,med,41
7.503876445339513,med,38
7.263876445339513,hi,12
13.262876445339513,hi,29
8.339876445339511,med,18
4.8458764453395125,hi,3
4.583876445339512,med,38
9.387876445339513,hi,25
5.954876445339512,hi,37
9.585876445339512,med,8
6.254876445339512,med,43
5.445876445339512,med,48
4.360876445339512,low,10
6.230876445339512,med,23
7.0508764453395125,med,24
3.8158764453395126,low,16
6.953876445339512,med,36
3.925876445339513,low,2
5.278876445339512,med,21
9.528876445339511,med,50
6.3698764453395125,med,21
8.222876445339512,med,2
7.055876445339512,med,37
7.249876445339512,med,49
6.543876445339512,med,13
6.563876445339512,med,3
6.762876445339512,med,41
5.926876445339512,med,27
8.599876445339513,med,21
7.0108764453395125,med,38
8.135876445339512,med,32
6.022876445339512,med,34
7.137876445339512,med,32
8.528876445339511,med,43
5.613876445339512,med,29
5.5878764453395124,med,23
8.376876445339512,med,24
10.991876445339512,med,31
5.372876445339513,low,21
8.000876445339513,hi,14
7.804876445339512,med,4
6.237876445339512,hi,27
6.519876445339512,med,13
6.394876445339512,med,27
6.314876445339513,hi,4
4.522876445339512,med,29
4.849876445339512,med,3
9.397876445339513,hi,50
6.983876445339512,med,44
6.4708764453395125,med,4
8.545876445339513,med,25
5.012876445339512,med,24
9.575876445339512,med,20
8.664876445339512,med,27
8.527876445339512,hi,20
7.382876445339512,low,7
6.555876445339512,med,4
6.450876445339512,med,30
7.0348764453395125,med,18
4.242876445339512,med,36
6.912876445339513,low,47
7.650876445339512,med,19
6.924876445339512,hi,28
7.225876445339512,med,18
10.611876445339513,hi,36
5.958876445339512,hi,24
6.724876445339512,med,35
6.809876445339512,low,30
7.343876445339513,med,39
6.426876445339512,med,48
7.453876445339512,med,34
7.4788764453395125,low,8
7.642876445339512,med,15
4.9178764453395125,med,34
6.974876445339512,med,46
7.313876445339512,med,27
8.071876445339512,med,50
6.273876445339512,med,41
7.011876445339512,med,6
6.835876445339513,med,7
8.037876445339514,med,5
7.697876445339512,med,25
6.931876445339512,med,34
5.788876445339512,med,20
8.414876445339512,med,31
8.327876445339513,med,13
9.690876445339512,med,38
5.876876445339512,med,45
5.838876445339512,med,46
8.413876445339513,med,25
6.065876445339512,low,8
6.238876445339512,med,17
8.142876445339512,med,40
4.4418764453395125,med,16
6.060876445339512,med,30
7.121876445339512,med,28
5.060876445339512,low,23
8.121876445339511,med,40
7.528876445339512,med,17
5.523876445339512,med,21
6.919876445339512,low,7
6.114876445339513,med,19
8.271876445339512,med,43
8.795876445339513,med,6
6.993876445339512,med,40
6.842876445339512,med,43
8.309876445339512,med,39
5.391876445339513,low,17
4.794876445339512,low,37
4.455876445339513,med,16
5.697876445339512,med,17
3.1428764453395126,low,20
6.056876445339513,low,13
7.331876445339512,low,32
7.9338764453395125,med,45
6.2688764453395125,med,9
5.354876445339512,low,27
5.112876445339513,hi,9
9.252876445339512,med,50
9.822876445339512,med,19
4.491876445339512,med,22
7.663876445339512,med,5
8.976876445339512,med,40
7.737876445339513,hi,10
6.007876445339512,low,3
8.284876445339512,hi,2
8.889876445339512,med,14
6.9098764453395125,hi,6
5.788876445339512,low,35
5.141876445339513,hi,13
7.153876445339512,med,49
5.797876445339512,med,24
10.067876445339513,med,40
6.904876445339513,med,46
6.113876445339512,med,9
6.897876445339512,med,18
3.8408764453395126,low,24
5.366876445339512,med,37
5.786876445339512,med,24
8.280876445339512,med,8
9.147876445339513,med,23
2.873876445339513,hi,22
7.694876445339512,med,20
6.094876445339512,med,17
8.013876445339513,med,34
5.152876445339512,med,45
8.562876445339512,med,7
7.697876445339512,hi,33
8.408876445339512,med,47
8.7768764453395125,med,28
11.178876445339514,med,46
6.384876445339512,low,24
7.193876445339512,med,7
6.5508764453395125,med,9
6.934876445339512,med,32
6.948876445339512,med,33
7.905876445339512,med,38
7.817876445339513,med,15
7.349876445339512,med,7
5.993876445339512,hi,37
9.992876445339512,med,2
6.751876445339512,med,22
10.318876445339512,hi,18
7.702876445339513,med,21
5.9578764453395125,med,38
7.569876445339512,med,36
7.974876445339512,med,8
5.299876445339512,med,27
4.773876445339512,med,9
5.569876445339513,med,13
7.325876445339512,med,49
7.734876445339513,med,24
7.243876445339512,low,43
7.898876445339512,med,35
8.484876445339513,med,19
7.098876445339513,med,28
4.181876445339512,med,10
10.836876445339511,hi,18
8.792876445339513,med,5
5.043876445339512,med,45
5.927876445339512,low,26
3.7918764453395126,low,29
6.631876445339512,low,30
8.191876445339512,med,36
7.969876445339512,hi,34
6.381876445339512,med,49
9.927876445339512,med,39
7.765876445339512,med,43
9.257876445339512,med,50
8.611876445339513,med,23
8.030876445339512,med,31
8.080876445339513,med,28
5.886876445339512,med,22
10.021876445339512,hi,33
7.606876445339513,hi,16
5.606876445339513,med,5
6.469876445339512,med,30
5.012876445339512,med,9
6.598876445339513,hi,31
8.361876445339513,med,38
7.807876445339512,med,40
8.210876445339512,med,45
6.923876445339513,med,7
6.339876445339512,med,4
6.5348764453395125,med,48
7.536876445339512,med,47
6.024876445339513,med,13
6.563876445339512,med,28
6.380876445339513,med,41
7.3248764453395125,med,2
7.981876445339513,hi,43
7.734876445339513,med,42
7.484876445339513,med,22
3.507876445339513,hi,41
7.723876445339513,med,47
6.524876445339513,med,17
4.013876445339513,hi,41
4.620876445339512,low,13
6.336876445339512,med,34
3.462876445339513,low,36
5.344876445339512,med,27
5.710876445339513,med,37
6.089876445339512,hi,6
5.483876445339512,low,35
9.711876445339511,hi,40
7.519876445339513,med,13
6.456876445339512,med,22
8.028876445339513,med,25
5.778876445339512,med,47
7.099876445339512,med,12
7.700876445339512,med,50
7.230876445339512,med,36
6.406876445339512,med,4
8.169876445339513,med,28
4.977876445339512,med,24
8.979876445339512,hi,31
5.891876445339513,hi,37
5.063876445339512,med,45
2.3958764453395127,low,16
7.399876445339512,med,14
10.001876445339512,hi,47
7.3248764453395125,low,8
9.400876445339511,hi,15
5.914876445339512,med,25
6.625876445339513,low,32
5.799876445339512,med,16
6.753876445339513,med,5
7.015876445339512,med,10
9.328876445339512,med,2
11.390876445339513,hi,46
6.697876445339512,med,20
7.549876445339512,med,8
8.466876445339512,med,20
5.7768764453395125,med,17
5.549876445339512,med,10
7.997876445339513,med,35
7.245876445339512,hi,26
5.577876445339513,med,16
8.439876445339513,hi,5
7.894876445339513,low,26
6.988876445339512,med,39
8.297876445339513,hi,26
8.058876445339513,low,49
8.748876445339512,med,35
7.529876445339513,low,44
6.710876445339513,low,3
3.4578764453395125,low,36
6.059876445339512,low,23
6.1758764453395125,hi,10
6.000876445339513,med,34
6.038876445339512,med,44
6.153876445339512,hi,48
6.122876445339513,med,33
6.237876445339512,med,17
6.059876445339512,med,8
6.652876445339512,med,10
6.044876445339512,med,28
7.006876445339512,med,15
8.378876445339513,med,32
6.214876445339512,med,25
7.185876445339512,med,50
7.045876445339513,med,27
7.411876445339512,hi,21
5.967876445339512,med,6
4.811876445339513,med,33
6.426876445339512,med,19
4.863876445339512,low,5
8.625876445339513,med,50
5.466876445339512,med,42
8.505876445339512,med,31
12.765876445339513,hi,15
7.412876445339513,hi,25
7.581876445339512,hi,42
6.290876445339513,med,3
6.896876445339513,med,41
10.515876445339513,med,20
8.352876445339513,med,30
8.008876445339512,med,38
7.203876445339512,med,28
6.133876445339513,med,47
8.512876445339513,med,49
6.840876445339513,low,1
5.238876445339512,med,24
8.715876445339513,med,39
4.686876445339513,med,11
5.609876445339513,med,11
9.825876445339512,hi,2
9.046876445339512,med,35
7.443876445339512,hi,13
8.947876445339512,med,15
7.174876445339512,low,4
5.829876445339512,low,38
6.721876445339513,med,6
6.507876445339512,hi,1
8.261876445339512,med,32
6.575876445339512,low,50
6.571876445339512,med,10
6.254876445339512,med,11
6.620876445339512,med,44
6.540876445339512,med,49
5.445876445339512,low,28
6.4418764453395125,med,49
6.8938764453395125,low,9
7.186876445339513,med,30
5.2928764453395125,med,9
7.496876445339512,low,6
7.735876445339512,low,49
7.954876445339512,med,26
9.685876445339511,med,31
5.273876445339512,med,9
7.887876445339512,hi,5
5.138876445339513,med,2
7.555876445339512,med,8
5.1118764453395125,low,38
6.459876445339512,med,22
5.4018764453395125,med,10
10.973876445339512,hi,35
7.857876445339512,med,20
8.848876445339512,med,44
6.3778764453395125,med,3
5.5958764453395125,low,47
8.615876445339513,med,2
9.844876445339512,med,30
6.290876445339513,med,6
9.823876445339513,hi,6
6.320876445339512,med,6
4.874876445339512,med,32
7.021876445339513,med,32
9.252876445339512,med,1
5.767876445339512,med,16
7.625876445339513,med,3
8.940876445339512,med,8
6.538876445339512,med,45
6.209876445339512,med,34
6.214876445339512,med,39
7.155876445339512,hi,45
7.459876445339512,med,35
5.835876445339513,med,10
5.275876445339512,med,45
8.927876445339512,med,19
8.147876445339513,low,26
5.865876445339512,low,5
6.791876445339512,med,30
6.757876445339512,low,1
7.097876445339512,med,16
8.062876445339512,med,8
8.161876445339512,hi,25
7.051876445339512,med,30
9.033876445339512,low,19
5.125876445339513,med,10
7.142876445339512,med,24
8.090876445339513,hi,12
8.275876445339511,med,41
7.903876445339512,med,20
4.274876445339512,med,3
8.120876445339512,med,31
8.918876445339512,hi,21
8.275876445339511,med,42
5.9948764453395125,med,13
8.665876445339512,med,29
7.4948764453395125,med,10
9.948876445339513,med,29
6.571876445339512,med,23
5.679876445339512,med,3
7.6838764453395125,med,4
9.327876445339513,hi,18
7.311876445339513,med,24
4.216876445339512,med,49
6.825876445339512,med,48
7.819876445339512,med,23
5.460876445339513,med,4
6.327876445339513,med,6
7.8168764453395125,med,42
6.330876445339513,med,12
4.982876445339512,low,30
6.233876445339512,med,2
7.185876445339512,med,19
8.572876445339512,med,1
5.307876445339512,med,38
6.580876445339513,med,23
8.764876445339512,med,31
6.889876445339512,med,28
9.224876445339513,hi,23
6.274876445339513,med,3
8.455876445339513,med,15
8.530876445339512,med,43
4.8458764453395125,med,27
6.497876445339513,med,48
7.115876445339512,med,17
9.227876445339513,med,11
8.693876445339512,med,39
4.3378764453395124,med,23
8.033876445339512,med,6
3.668876445339513,low,29
8.631876445339513,med,29
6.447876445339512,med,27
8.507876445339512,low,26
8.693876445339512,low,12
9.591876445339512,med,11
10.480876445339513,med,23
6.023876445339512,hi,32
4.939876445339513,med,12
6.321876445339512,med,15
4.133876445339512,med,30
7.3458764453395125,med,17
10.283876445339512,med,18
5.685876445339512,med,3
7.265876445339512,med,36
9.315876445339512,med,50
4.480876445339512,low,48
6.5668764453395125,med,9
4.157876445339513,med,33
8.146876445339512,med,48
7.200876445339512,hi,43
12.436876445339513,hi,38
9.180876445339512,med,14
7.263876445339513,hi,10
9.800876445339513,med,46
6.357876445339512,med,27
6.1438764453395125,med,45
9.438876445339512,med,47
6.617876445339513,med,29
6.411876445339512,med,9
8.159876445339512,med,27
6.1838764453395125,med,45
6.239876445339513,low,20
7.428876445339513,med,4
8.277876445339512,med,46
4.505876445339513,med,45
6.726876445339513,med,24
5.745876445339512,med,9
8.270876445339512,hi,21
9.204876445339513,hi,21
7.748876445339512,med,26
3.313876445339513,low,11
8.457876445339512,med,41
5.713876445339512,med,33
5.421876445339512,med,17
8.036876445339512,med,21
6.6758764453395125,low,24
8.096876445339513,med,47
4.287876445339513,med,3
5.897876445339512,med,39
7.418876445339512,hi,24
7.467876445339512,hi,30
4.299876445339512,med,3
5.248876445339512,hi,27
4.7768764453395125,low,38
7.501876445339512,med,37
6.870876445339512,med,5
6.9948764453395125,hi,48
7.622876445339513,med,25
7.2528764453395125,hi,34
7.960876445339512,med,23
6.395876445339512,low,40
9.787876445339512,hi,30
6.750876445339513,med,24
6.708876445339512,med,12
8.009876445339513,med,29
7.6278764453395125,hi,28
3.623876445339513,low,37
5.719876445339512,low,18
5.576876445339512,med,33
6.323876445339512,med,35
9.249876445339511,med,35
5.890876445339512,med,32
7.8778764453395125,low,22
5.852876445339512,hi,1
6.939876445339513,med,21
4.580876445339513,med,28
7.306876445339512,med,19
7.1998764453395125,med,26
5.488876445339512,med,11
11.513876445339513,hi,29
5.104876445339512,low,36
4.594876445339512,med,25
6.819876445339513,med,15
6.4418764453395125,med,9
7.662876445339513,med,25
6.836876445339512,med,32
11.034876445339512,med,23
4.868876445339512,med,34
8.773876445339512,med,42
8.339876445339511,med,48
5.982876445339512,med,37
8.935876445339511,med,39
7.806876445339512,med,5
7.442876445339513,hi,8
7.5668764453395125,low,27
7.422876445339512,med,26
5.069876445339513,med,48
7.411876445339512,med,26
7.251876445339512,med,20
7.000876445339513,med,11
6.421876445339512,med,48
9.148876445339512,med,46
3.660876445339513,med,49
6.230876445339512,med,23
6.156876445339512,low,11
4.521876445339513,med,11
7.148876445339512,med,25
4.734876445339513,med,38
8.808876445339513,med,31
6.972876445339512,med,21
7.124876445339512,med,34
5.054876445339512,med,27
4.733876445339512,low,28
6.535876445339512,med,21
9.121876445339511,med,38
5.855876445339512,med,10
6.864876445339513,med,3
7.040876445339512,med,14
8.706876445339512,med,42
5.273876445339512,med,2
7.842876445339512,med,32
6.226876445339513,med,41
6.329876445339512,med,36
5.283876445339512,med,35
7.993876445339512,med,40
3.6148764453395126,med,3
8.222876445339512,med,1
10.669876445339513,med,40
6.780876445339512,med,17
9.245876445339512,hi,39
7.448876445339512,med,32
7.852876445339512,med,29
8.0268764453395125,med,20
6.070876445339512,med,10
6.605876445339512,hi,43
6.4788764453395125,med,4
6.568876445339512,med,11
6.4178764453395125,med,21
6.535876445339512,med,27
3.1908764453395126,med,38
7.247876445339513,med,22
7.133876445339512,med,42
8.992876445339512,med,39
5.6438764453395125,med,43
4.258876445339512,med,50
7.999876445339512,med,47
6.789876445339512,med,37
5.364876445339513,med,49
7.108876445339512,med,38
7.267876445339512,med,17
6.525876445339512,med,33
4.950876445339512,med,10
9.904876445339513,med,46
5.270876445339512,low,23
5.485876445339512,med,3
7.295876445339513,med,40
5.247876445339513,med,50
5.239876445339513,med,27
5.357876445339512,med,4
6.745876445339512,med,18
8.576876445339513,med,50
6.254876445339512,med,30
8.504876445339512,hi,44
9.989876445339512,hi,18
9.178876445339512,med,39
8.183876445339513,med,19
6.951876445339512,med,4
6.423876445339513,med,44
7.916876445339512,med,43
3.3388764453395128,low,29
6.3698764453395125,med,24
8.132876445339512,med,7
8.209876445339512,med,46
6.129876445339512,low,16
6.753876445339513,med,17
9.440876445339512,low,32
9.630876445339512,med,20
7.060876445339512,med,8
4.499876445339512,hi,9
6.204876445339512,low,45
6.192876445339512,med,37
5.576876445339512,med,10
5.599876445339512,med,25
6.739876445339513,med,12
7.410876445339513,med,31
8.383876445339512,med,31
6.601876445339513,med,48
4.481876445339513,low,13
5.096876445339513,med,34
7.067876445339512,med,3
6.100876445339512,low,42
5.224876445339512,med,9
6.088876445339512,hi,26
7.438876445339512,med,12
4.499876445339512,low,18
7.338876445339512,med,32
5.827876445339513,med,46
9.383876445339512,med,35
7.531876445339512,hi,45
7.070876445339512,med,38
6.9708764453395125,med,7
7.6358764453395125,med,2
4.632876445339512,low,35
5.144876445339512,med,11
7.438876445339512,hi,17
9.753876445339513,med,11
5.285876445339512,med,33
6.021876445339513,med,3
4.842876445339512,med,37
6.7928764453395125,med,42
7.9578764453395125,med,7
7.176876445339513,med,10
8.192876445339513,med,21
6.555876445339512,med,16
6.204876445339512,med,21
7.047876445339512,med,35
8.234876445339513,med,18
4.390876445339512,low,35
8.134876445339513,med,12
5.318876445339512,med,22
5.644876445339512,med,41
10.592876445339511,med,2
6.368876445339512,med,45
7.0428764453395125,med,11
7.831876445339512,med,44
10.346876445339513,med,23
6.012876445339512,low,2
6.830876445339513,med,4
6.200876445339512,low,12
8.707876445339512,med,44
3.151876445339513,low,48
11.380876445339512,hi,15
8.855876445339513,med,40
5.178876445339513,hi,25
6.3168764453395125,med,37
5.965876445339513,med,33
7.374876445339512,med,14
5.692876445339512,med,44
4.811876445339513,med,49
8.299876445339512,med,41
6.366876445339512,hi,7
8.363876445339512,low,19
8.309876445339512,med,42
11.425876445339513,hi,50
7.067876445339512,med,23
5.742876445339513,hi,32
6.041876445339512,low,44
7.134876445339512,hi,34
5.130876445339513,low,48
5.318876445339512,med,49
4.8698764453395125,low,5
7.105876445339512,med,17
8.064876445339513,med,43
8.425876445339513,hi,8
11.096876445339513,med,39
12.093876445339513,hi,29
5.618876445339512,low,42
6.561876445339513,med,22
6.556876445339512,med,45
4.523876445339512,low,36
6.8618764453395125,med,27
6.706876445339512,low,27
6.873876445339512,hi,25
5.6438764453395125,med,4
7.506876445339512,med,40
5.686876445339513,low,17
5.719876445339512,med,27
10.102876445339513,med,40
8.754876445339512,low,41
7.454876445339512,med,40
6.706876445339512,hi,16
4.943876445339512,hi,3
7.628876445339513,med,28
8.266876445339513,med,48
7.0188764453395125,med,36
5.870876445339512,med,45
7.535876445339513,med,13
6.100876445339512,low,37
7.107876445339512,med,44
4.389876445339512,med,22
7.507876445339512,med,15
6.343876445339513,low,27
4.118876445339512,med,37
10.359876445339513,med,15
7.140876445339512,med,21
5.388876445339513,med,36
10.199876445339513,hi,31
6.665876445339512,med,20
6.2768764453395125,hi,6
7.097876445339512,med,30
4.088876445339513,low,34
6.908876445339512,med,10
4.594876445339512,med,3
6.557876445339512,low,9
7.439876445339513,med,23
8.254876445339512,med,20
6.969876445339512,hi,21
8.659876445339512,med,36
9.550876445339513,med,21
8.009876445339513,med,28
9.330876445339513,hi,40
6.516876445339513,med,34
3.5818764453395127,med,33
4.769876445339513,low,9
5.971876445339512,low,44
5.693876445339512,med,13
7.096876445339513,med,38
8.153876445339511,med,12
7.965876445339513,med,31
7.8458764453395125,med,26
7.764876445339512,med,34
5.924876445339512,med,29
7.313876445339512,med,15
6.807876445339512,med,50
6.1118764453395125,med,49
7.343876445339513,med,38
5.568876445339512,low,13
6.0428764453395125,med,3
8.406876445339512,med,23
3.4248764453395126,med,33
8.697876445339512,med,43
6.742876445339513,med,11
5.709876445339512,low,50
5.815876445339512,med,37
6.021876445339513,med,3
6.269876445339512,med,3
6.366876445339512,med,34
4.836876445339512,med,33
6.953876445339512,med,25
12.596876445339513,hi,47
10.231876445339513,med,32
7.323876445339512,med,34
7.384876445339512,med,42
6.745876445339512,med,29
9.166876445339513,med,46
8.754876445339512,med,39
6.948876445339512,hi,48
7.799876445339512,med,21
6.7928764453395125,low,47
3.9598764453395128,hi,49
8.003876445339513,med,42
7.910876445339513,med,16
7.178876445339513,med,28
7.231876445339513,med,4
8.668876445339512,med,2
7.402876445339512,hi,33
8.259876445339513,hi,45
9.817876445339513,hi,39
9.387876445339513,hi,50
5.788876445339512,med,9
7.140876445339512,low,22
7.237876445339513,hi,22
7.365876445339512,med,22
8.645876445339512,med,40
7.738876445339512,low,32
7.307876445339512,low,39
6.368876445339512,med,4
5.202876445339513,med,16
8.659876445339512,med,35
8.086876445339513,med,43
4.057876445339512,med,27
8.019876445339513,med,7
7.609876445339513,med,26
5.875876445339513,med,9
10.173876445339513,med,35
6.488876445339512,med,43
6.531876445339512,hi,43
5.358876445339512,med,41
8.721876445339513,med,18
5.171876445339512,low,42
6.170876445339513,med,41
5.0668764453395125,med,49
7.2128764453395124,med,26
8.011876445339512,hi,48
8.725876445339512,med,8
5.9868764453395125,low,6
6.452876445339513,med,3
8.382876445339512,med,28
4.984876445339513,med,4
7.414876445339512,med,47
9.611876445339513,low,26
7.389876445339512,med,25
9.879876445339512,med,47
7.889876445339512,med,42
6.926876445339512,med,31
6.038876445339512,med,12
7.360876445339512,low,44
9.906876445339512,med,47
6.708876445339512,med,7
5.364876445339513,med,16
7.959876445339512,med,38
5.063876445339512,med,3
4.364876445339513,med,49
6.198876445339512,med,17
8.806876445339512,med,8
7.240876445339512,hi,25
8.335876445339512,hi,44
5.447876445339512,med,17
6.730876445339512,med,49
6.358876445339512,low,37
6.672876445339512,med,12
6.754876445339512,med,24
5.8858764453395125,med,29
7.221876445339513,med,4
6.460876445339513,med,42
6.032876445339513,med,14
8.053876445339514,hi,45
8.171876445339512,med,5
5.676876445339512,med,10
8.674876445339512,med,1
8.262876445339513,hi,31
8.063876445339513,med,6
9.148876445339512,med,14
7.977876445339512,med,18
6.8938764453395125,med,2
11.707876445339513,hi,50
7.093876445339513,med,13
7.101876445339512,hi,21
7.411876445339512,med,12
5.867876445339513,low,9
7.592876445339512,med,2
9.339876445339511,hi,12
6.758876445339512,med,5
9.884876445339513,hi,40
7.664876445339512,med,34
8.831876445339512,med,31
6.817876445339512,low,20
7.2608764453395125,med,46
6.8858764453395125,hi,4
7.669876445339512,med,44
8.044876445339513,med,18
6.035876445339512,med,8
7.895876445339512,hi,19
6.796876445339512,med,11
6.848876445339513,low,27
8.509876445339513,med,7
5.557876445339512,med,49
6.1678764453395125,med,28
9.225876445339512,hi,46
7.051876445339512,low,6
9.143876445339513,med,44
8.423876445339513,med,32
7.258876445339512,med,12
5.2848764453395125,med,27
5.442876445339512,med,38
10.571876445339512,med,31
7.188876445339512,low,4
5.296876445339512,med,41
8.100876445339512,hi,7
6.928876445339513,med,7
6.966876445339512,med,19
6.897876445339512,med,14
4.637876445339512,hi,3
6.363876445339512,med,17
6.280876445339512,med,26
6.911876445339512,med,8
6.3458764453395125,med,49
7.572876445339512,med,28
7.615876445339512,med,33
5.408876445339512,med,18
7.794876445339512,hi,34
5.366876445339512,med,47
7.895876445339512,med,27
7.750876445339513,med,34
4.4178764453395125,med,41
9.051876445339513,hi,38
5.185876445339512,med,16
8.740876445339513,hi,20
7.934876445339512,med,35
6.052876445339512,med,22
8.966876445339512,med,19
8.101876445339512,low,19
7.005876445339513,hi,8
7.727876445339512,med,7
8.317876445339513,med,24
6.577876445339513,med,14
6.055876445339512,med,44
5.092876445339512,med,33
7.975876445339512,med,43
5.956876445339512,hi,34
5.636876445339512,med,12
4.777876445339512,low,25
6.507876445339512,hi,13
8.680876445339512,med,39
7.204876445339512,med,6
6.870876445339512,med,19
6.685876445339512,med,19
4.822876445339512,med,22
6.1518764453395125,med,49
5.5028764453395125,med,25
10.535876445339513,med,18
7.124876445339512,med,19
6.281876445339512,low,40
6.314876445339513,hi,22
8.305876445339512,low,44
4.888876445339513,med,48
7.930876445339512,med,31
6.138876445339513,hi,5
9.202876445339513,hi,33
6.559876445339512,med,5
3.971876445339513,low,18
3.623876445339513,med,17
6.945876445339512,low,3
7.555876445339512,hi,20
5.968876445339513,med,12
8.108876445339513,med,40
9.003876445339513,med,43
5.997876445339513,hi,10
8.281876445339512,hi,39
4.676876445339513,med,41
9.132876445339512,med,39
6.492876445339513,med,21
7.226876445339512,med,34
8.231876445339513,med,35
5.079876445339512,med,34
7.233876445339512,med,37
8.262876445339513,med,42
4.539876445339512,hi,43
9.622876445339513,med,35
6.989876445339513,med,25
7.028876445339512,med,7
6.908876445339512,med,43
6.063876445339512,low,5
5.461876445339512,med,40
6.4578764453395125,low,25
8.157876445339513,med,19
8.877876445339512,med,42
9.023876445339512,med,29
13.023876445339512,hi,29
6.6998764453395125,low,9
4.881876445339512,low,37
5.472876445339512,med,27
6.481876445339513,med,11
7.428876445339513,med,1
6.612876445339513,med,6
6.396876445339513,med,23
6.0108764453395125,med,16
8.054876445339513,med,44
6.181876445339513,med,1
9.006876445339513,med,20
7.475876445339512,med,15
7.890876445339512,hi,7
7.718876445339513,med,35
7.697876445339512,low,22
8.874876445339511,hi,44
10.047876445339513,med,14
6.805876445339512,med,2
7.330876445339513,med,30
7.614876445339513,med,26
9.603876445339512,hi,33
7.171876445339512,med,31
7.4628764453395124,med,22
8.468876445339513,med,18
6.922876445339512,med,32
4.966876445339512,hi,34
7.535876445339513,hi,34
7.158876445339512,low,44
4.364876445339513,low,21
8.404876445339513,med,7
8.156876445339512,hi,44
3.6588764453395126,med,17
8.174876445339512,med,19
6.594876445339512,med,41
9.990876445339513,hi,33
8.855876445339513,med,2
4.227876445339512,hi,9
6.489876445339513,med,17
7.2528764453395125,med,33
5.734876445339513,low,37
6.245876445339512,med,13
8.367876445339512,med,42
7.097876445339512,med,12
6.386876445339512,med,30
9.380876445339512,hi,39
9.539876445339512,med,32
9.580876445339513,med,46
8.099876445339513,med,48
5.471876445339513,med,10
5.564876445339513,low,44
8.449876445339513,med,15
6.083876445339512,med,35
6.278876445339512,med,3
7.689876445339513,med,28
8.138876445339513,low,41
5.311876445339513,med,46
6.194876445339513,med,20
13.466876445339512,hi,35
5.169876445339512,hi,22
9.062876445339512,med,7
6.309876445339512,med,37
9.971876445339513,hi,50
6.796876445339512,low,42
6.580876445339513,med,49
7.068876445339512,med,20
9.828876445339512,med,18
6.638876445339513,low,6
6.431876445339512,low,45
8.728876445339512,med,2
8.534876445339512,hi,7
8.048876445339513,med,46
9.581876445339512,med,38
8.728876445339512,med,23
7.325876445339512,med,30
7.647876445339512,hi,31
5.679876445339512,med,16
6.186876445339513,med,11
7.109876445339513,med,47
9.040876445339512,med,23
7.031876445339512,med,25
5.355876445339512,med,10
7.3378764453395124,med,47
7.223876445339513,low,12
6.287876445339513,med,14
6.8858764453395125,med,11
7.027876445339512,med,48
6.174876445339512,med,31
5.165876445339512,med,36
8.141876445339513,hi,28
8.744876445339512,hi,11
8.445876445339513,med,30
9.304876445339513,med,39
6.968876445339513,hi,43
8.327876445339513,med,45
4.964876445339512,hi,43
6.652876445339512,med,47
6.286876445339512,med,13
9.715876445339513,hi,23
6.281876445339512,hi,27
5.442876445339512,med,44
9.353876445339512,hi,20
5.725876445339512,med,4
8.556876445339512,med,5
6.789876445339512,med,37
8.337876445339512,med,8
7.629876445339512,med,19
7.020876445339512,hi,24
5.922876445339512,med,43
5.9868764453395125,med,34
8.053876445339514,med,12
7.331876445339512,med,29
4.892876445339512,low,34
6.2608764453395125,med,20
10.516876445339513,med,46
5.0828764453395125,low,13
5.043876445339512,med,9
5.073876445339512,med,44
7.657876445339513,hi,5
8.544876445339513,med,47
10.714876445339511,low,8
10.014876445339512,med,20
7.480876445339512,med,33
6.608876445339512,med,6
8.181876445339512,low,22
4.549876445339512,low,48
6.1758764453395125,med,24
8.377876445339512,med,20
6.437876445339512,med,24
9.459876445339512,med,14
7.186876445339513,med,25
7.680876445339512,med,34
10.835876445339514,hi,11
4.777876445339512,med,45
9.462876445339512,med,20
9.402876445339512,med,47
7.620876445339512,med,40
6.647876445339512,med,28
6.513876445339513,med,5
7.400876445339512,hi,43
6.233876445339512,hi,13
7.287876445339513,hi,8
7.0668764453395125,med,42
7.3778764453395125,med,41
8.457876445339512,med,46
8.207876445339512,med,43
7.038876445339512,med,13
8.537876445339512,low,41
5.342876445339512,med,37
9.338876445339512,low,31
7.539876445339512,med,5
8.616876445339512,hi,7
8.107876445339512,med,8
4.847876445339512,med,17
10.055876445339512,hi,36
7.714876445339512,med,41
7.960876445339512,med,42
8.492876445339512,med,18
8.979876445339512,med,33
7.184876445339512,low,14
5.219876445339512,low,15
8.460876445339512,med,39
8.225876445339512,med,23
5.5028764453395125,med,29
9.923876445339513,hi,2
7.729876445339512,med,30
7.485876445339512,med,45
7.6598764453395125,low,19
7.170876445339513,med,15
3.116876445339513,low,47
8.571876445339512,med,14
5.645876445339512,med,36
9.056876445339512,med,5
6.532876445339513,med,11
8.615876445339513,hi,21
7.600876445339512,low,1
11.022876445339511,hi,38
5.984876445339513,med,6
7.865876445339512,med,30
6.910876445339512,med,7
8.524876445339512,med,39
9.348876445339512,hi,39
6.264876445339512,low,9
5.921876445339512,med,38
4.238876445339512,med,17
6.423876445339513,med,10
6.601876445339513,med,37
8.123876445339512,low,6
7.157876445339513,med,45
8.807876445339511,med,19
6.348876445339513,med,31
6.319876445339513,med,10
10.555876445339512,med,2
5.443876445339512,med,23
8.670876445339513,med,39
7.240876445339512,med,10
7.1918764453395125,med,30
6.589876445339512,hi,19
9.469876445339512,med,31
6.653876445339512,hi,26
8.349876445339513,hi,33
6.872876445339513,med,12
7.391876445339513,med,7
5.476876445339513,med,49
5.3378764453395124,med,46
5.8698764453395125,low,10
7.804876445339512,med,14
8.021876445339513,med,46
7.918876445339512,med,39
7.563876445339512,med,40
7.007876445339512,med,36
5.323876445339512,med,27
4.071876445339512,hi,16
7.040876445339512,med,39
5.746876445339512,hi,1
6.036876445339512,med,28
9.455876445339513,med,38
7.678876445339513,med,14
5.878876445339512,low,23
7.666876445339512,med,26
7.269876445339513,med,2
6.741876445339512,med,44
6.350876445339512,med,48
7.897876445339512,hi,45
5.238876445339512,med,34
7.146876445339513,med,50
7.745876445339512,med,8
6.972876445339512,med,13
7.7078764453395125,med,46
6.311876445339513,med,16
6.4708764453395125,med,34
6.562876445339512,med,32
7.786876445339512,med,45
6.777876445339512,med,4
7.3618764453395125,med,7
7.580876445339513,med,28
12.394876445339511,hi,29
7.696876445339512,med,14
13.186876445339513,hi,18
6.196876445339512,med,17
8.037876445339514,med,50
5.367876445339513,med,49
8.082876445339512,hi,36
6.5268764453395125,med,38
8.615876445339513,med,2
6.443876445339512,low,6
9.311876445339513,hi,6
7.618876445339512,med,8
7.5878764453395124,med,45
6.019876445339512,med,10
5.041876445339512,med,10
7.523876445339512,med,2
6.536876445339512,med,8
8.219876445339512,med,40
5.706876445339512,med,40
6.769876445339512,med,40
4.883876445339512,med,49
8.568876445339512,low,32
3.4438764453395128,low,18
4.291876445339512,low,28
7.025876445339512,med,7
5.899876445339513,med,42
5.170876445339513,low,15
6.5108764453395125,med,22
8.057876445339513,low,41
9.491876445339512,med,31
4.407876445339513,med,11
7.571876445339512,med,18
6.8168764453395125,med,32
6.819876445339513,med,22
8.104876445339512,hi,17
6.046876445339512,med,19
5.586876445339512,low,37
6.366876445339512,med,46
7.257876445339512,med,7
7.262876445339512,hi,19
6.238876445339512,med,2
6.067876445339512,med,16
5.954876445339512,med,11
5.590876445339513,hi,49
4.936876445339513,low,45
8.586876445339511,med,40
7.436876445339513,med,42
8.023876445339512,med,22
6.415876445339512,hi,4
8.608876445339513,hi,33
6.585876445339513,med,24
5.783876445339512,med,37
8.496876445339511,med,20
6.031876445339512,med,25
10.549876445339512,hi,29
6.809876445339512,med,47
6.890876445339512,med,18
6.630876445339513,med,11
8.375876445339513,med,17
7.938876445339512,med,2
6.883876445339512,med,18
6.497876445339513,med,14
9.300876445339513,low,32
7.658876445339512,med,5
10.063876445339512,hi,20
6.9498764453395125,med,7
11.587876445339512,hi,47
8.676876445339513,med,37
6.079876445339512,med,37
8.120876445339512,med,20
9.545876445339513,med,29
7.271876445339513,med,25
4.2078764453395125,hi,41
7.180876445339512,med,2
5.322876445339512,med,25
6.382876445339512,hi,45
4.913876445339512,med,3
7.022876445339512,low,45
5.2768764453395125,med,21
3.991876445339513,med,49
5.438876445339512,med,13
7.354876445339512,hi,25
9.009876445339513,med,8
6.624876445339512,med,23
6.9628764453395124,low,22
6.246876445339512,med,42
5.746876445339512,med,12
7.924876445339512,med,15
6.120876445339512,med,1
10.307876445339511,hi,39
5.830876445339513,med,4
6.1758764453395125,med,36
9.052876445339512,med,14
7.019876445339512,low,17
6.426876445339512,med,47
5.520876445339512,med,2
7.205876445339513,hi,27
6.763876445339513,med,29
7.413876445339512,med,22
6.680876445339512,med,34
9.443876445339512,hi,31
8.305876445339512,hi,1
6.706876445339512,low,37
8.515876445339513,med,12
8.244876445339512,med,35
7.307876445339512,med,1
10.236876445339513,hi,28
6.067876445339512,med,34
6.176876445339512,med,21
9.976876445339512,med,23
6.172876445339512,hi,37
6.083876445339512,med,24
6.1518764453395125,med,49
6.857876445339512,med,5
8.939876445339513,med,50
6.217876445339512,med,37
7.490876445339512,med,21
5.247876445339513,low,16
4.680876445339512,low,48
4.875876445339513,low,4
4.576876445339512,med,37
5.972876445339512,low,2
6.196876445339512,med,8
7.3938764453395125,med,25
5.739876445339513,med,9
7.044876445339512,med,25
7.661876445339512,med,21
7.208876445339512,med,5
5.827876445339513,med,41
8.047876445339513,hi,17
7.484876445339513,med,46
8.927876445339512,med,2
8.160876445339513,med,18
7.880876445339513,med,23
7.660876445339513,med,24
8.928876445339512,med,19
7.436876445339513,med,15
6.283876445339512,med,33
5.257876445339512,med,37
6.875876445339513,med,25
5.899876445339513,med,37
5.626876445339512,med,13
8.788876445339513,med,13
5.150876445339512,low,24
8.514876445339512,med,7
9.213876445339512,med,18
7.926876445339513,med,6
5.380876445339513,med,20
6.637876445339512,low,2
8.438876445339512,med,35
5.482876445339512,low,30
7.319876445339512,med,12
7.903876445339512,med,12
8.184876445339512,low,31
5.848876445339513,med,13
8.508876445339512,hi,11
7.413876445339512,med,1
8.242876445339512,hi,26
5.870876445339512,med,29
3.4208764453395126,low,15
9.219876445339512,med,1
8.326876445339513,med,6
7.769876445339513,hi,43
6.216876445339512,med,28
7.5828764453395125,med,12
4.076876445339512,low,11
7.021876445339513,low,40
8.207876445339512,med,15
6.177876445339512,med,44
6.069876445339513,med,15
5.664876445339512,low,6
9.024876445339512,med,39
8.237876445339513,med,21
9.621876445339511,hi,1
7.192876445339513,med,17
8.278876445339511,hi,36
6.048876445339513,med,16
9.384876445339513,low,41
7.189876445339513,med,4
9.184876445339512,med,8
8.627876445339512,med,7
10.426876445339511,med,47
7.471876445339513,med,46
5.7128764453395124,med,16
7.654876445339513,med,7
8.821876445339512,med,40
8.807876445339511,med,42
5.398876445339512,med,21
7.128876445339513,low,17
7.9708764453395125,hi,4
8.206876445339512,med,20
6.2608764453395125,med,49
5.633876445339513,med,29
5.037876445339513,med,13
6.310876445339512,hi,19
10.207876445339513,med,38
8.318876445339512,hi,8
6.384876445339512,low,38
7.484876445339513,hi,1
6.375876445339513,med,21
6.5188764453395125,med,30
7.781876445339512,hi,32
5.910876445339512,med,50
6.038876445339512,med,28
5.568876445339512,med,49
7.094876445339512,med,48
7.749876445339512,med,21
5.005876445339513,hi,37
4.660876445339513,med,11
7.820876445339512,med,44
8.355876445339513,low,40
2.5698764453395126,low,46
7.008876445339512,med,41
4.9788764453395125,med,22
6.669876445339512,med,3
8.098876445339512,med,31
6.579876445339512,med,10
6.097876445339512,med,12
7.948876445339512,med,2
6.544876445339512,med,16
7.020876445339512,med,15
7.248876445339512,med,46
5.844876445339512,med,3
7.030876445339512,med,44
6.946876445339512,med,13
7.4018764453395125,hi,39
5.246876445339512,med,35
5.387876445339512,low,13
6.4338764453395125,med,1
6.694876445339513,med,16
9.592876445339511,med,50
7.282876445339513,med,18
6.1998764453395125,hi,3
7.9418764453395125,med,25
5.357876445339512,hi,4
5.578876445339512,med,11
5.362876445339513,low,50
8.486876445339513,hi,36
6.046876445339512,low,7
5.1118764453395125,hi,27
8.375876445339513,med,23
7.309876445339512,med,21
6.161876445339512,med,5
7.423876445339513,med,39
7.334876445339512,hi,30
7.139876445339512,med,48
10.651876445339513,hi,33
5.474876445339512,med,12
7.4868764453395125,med,6
6.048876445339513,med,17
8.757876445339512,med,42
6.888876445339513,med,24
6.017876445339512,med,10
6.226876445339513,med,16
6.645876445339512,med,4
6.847876445339512,hi,22
9.680876445339512,med,4
6.591876445339512,low,26
4.6198764453395125,low,18
8.882876445339512,hi,36
7.025876445339512,med,35
6.188876445339512,med,45
5.743876445339512,med,33
5.959876445339512,low,50
9.196876445339512,med,50
6.012876445339512,med,6
6.743876445339512,med,50
10.996876445339511,med,47
7.934876445339512,med,42
7.7128764453395124,med,28
6.829876445339512,med,14
6.7368764453395125,med,6
10.660876445339513,hi,47
6.944876445339513,med,1
10.598876445339512,hi,38
6.466876445339512,med,4
7.392876445339512,med,50
6.580876445339513,med,22
7.697876445339512,hi,40
7.5108764453395125,med,21
7.777876445339512,hi,42
12.763876445339513,hi,38
8.555876445339512,med,43
5.968876445339513,med,19
7.435876445339512,med,9
6.445876445339512,low,31
6.963876445339512,med,24
7.004876445339512,med,49
3.421876445339513,low,11
7.451876445339512,med,39
4.930876445339512,med,16
8.022876445339513,med,38
6.398876445339512,med,45
6.944876445339513,med,24
7.972876445339512,med,29
6.623876445339512,med,7
7.974876445339512,hi,14
7.739876445339513,med,28
6.342876445339512,med,45
4.741876445339512,med,16
7.677876445339512,med,5
7.3778764453395125,med,8
10.944876445339512,hi,18
5.835876445339513,low,50
5.743876445339512,low,42
6.312876445339512,med,35
6.711876445339512,hi,26
2.8598764453395127,low,29
6.934876445339512,med,5
9.458876445339513,med,20
7.734876445339513,hi,44
7.280876445339512,med,5
8.835876445339512,med,50
8.672876445339513,hi,7
3.9458764453395125,med,9
8.245876445339512,med,23
6.703876445339512,low,32
8.195876445339513,low,41
7.387876445339512,med,40
5.935876445339512,med,41
5.390876445339512,med,23
4.176876445339513,med,15
6.693876445339512,med,39
5.872876445339513,med,36
6.569876445339513,med,17
5.563876445339512,hi,34
6.126876445339512,low,8
6.182876445339512,low,22
7.5188764453395125,med,48
6.697876445339512,med,10
8.897876445339513,hi,42
6.311876445339513,med,13
8.952876445339513,med,31
4.801876445339513,med,16
1.8218764453395129,low,29
8.450876445339512,med,20
6.820876445339512,med,46
8.859876445339513,hi,40
6.967876445339512,med,15
5.187876445339512,med,45
8.686876445339513,hi,30
9.194876445339512,med,26
4.524876445339512,hi,49
3.744876445339513,med,41
6.0028764453395125,med,49
6.568876445339512,low,10
7.384876445339512,med,29
7.580876445339513,med,18
8.019876445339513,hi,30
6.206876445339512,hi,9
8.298876445339513,med,1
10.651876445339513,med,1
7.333876445339512,med,28
5.8698764453395125,hi,9
4.597876445339512,med,16
8.082876445339512,med,29
6.990876445339512,low,3
4.201876445339512,med,10
8.219876445339512,med,34
7.019876445339512,med,41
9.481876445339513,med,40
7.506876445339512,med,47
7.676876445339513,med,47
6.351876445339513,low,17
7.612876445339513,med,1
8.709876445339512,med,40
7.165876445339512,med,3
8.289876445339512,med,48
7.944876445339512,med,31
8.431876445339512,med,32
7.873876445339512,med,7
6.360876445339512,low,21
8.092876445339513,med,14
7.137876445339512,med,5
4.0348764453395125,low,17
8.253876445339513,med,15
10.343876445339513,med,29
8.843876445339513,med,35
7.197876445339512,low,19
5.775876445339512,low,35
7.108876445339512,med,6
7.049876445339512,med,14
6.958876445339512,low,46
9.490876445339513,med,35
5.862876445339512,med,36
10.071876445339512,med,23
9.348876445339512,med,50
8.051876445339513,med,8
4.894876445339513,med,9
10.849876445339513,hi,18
6.156876445339512,med,1
5.046876445339512,med,37
6.215876445339513,med,45
7.780876445339512,med,32
7.833876445339512,med,7
7.530876445339512,med,24
7.652876445339512,med,26
4.914876445339512,med,9
5.155876445339512,low,39
7.943876445339512,med,17
6.547876445339512,med,10
6.972876445339512,med,1
7.047876445339512,med,47
5.560876445339512,med,48
5.573876445339512,low,15
3.140876445339513,low,11
6.8008764453395125,med,1
7.0028764453395125,med,44
5.196876445339512,med,45
8.048876445339513,med,50
6.650876445339512,hi,13
9.941876445339512,med,21
7.503876445339513,med,27
5.575876445339512,hi,1
8.406876445339512,med,44
8.243876445339511,hi,37
9.375876445339513,hi,33
7.771876445339513,med,43
4.950876445339512,med,10
6.593876445339513,med,25
6.671876445339512,hi,17
7.681876445339512,low,39
5.1998764453395125,low,18
7.657876445339513,low,14
5.988876445339512,low,28
8.088876445339512,hi,33
6.3618764453395125,med,18
6.210876445339513,med,34
7.674876445339512,med,20
9.356876445339513,med,44
7.415876445339512,low,20
8.105876445339513,med,43
7.289876445339512,med,14
8.886876445339512,hi,8
8.087876445339512,med,48
6.429876445339512,med,35
6.399876445339513,low,47
6.174876445339512,med,41
6.367876445339513,med,35
6.835876445339513,med,42
5.8858764453395125,med,9
6.2128764453395124,med,41
5.580876445339513,med,36
4.733876445339512,med,39
7.684876445339512,med,26
7.915876445339512,med,26
7.216876445339512,low,38
7.499876445339512,med,26
8.270876445339512,low,41
7.840876445339513,med,32
6.870876445339512,med,28
6.921876445339512,med,14
4.455876445339513,med,3
8.413876445339513,med,47
6.154876445339513,med,3
7.108876445339512,med,42
10.285876445339513,hi,47
2.4538764453395125,med,33
5.729876445339512,med,11
5.438876445339512,med,22
7.7368764453395125,hi,13
6.1598764453395125,med,6
3.333876445339513,med,9
3.3448764453395126,low,47
7.5188764453395125,hi,48
6.790876445339512,med,27
8.902876445339512,hi,1
7.5588764453395125,med,26
7.129876445339512,low,44
6.773876445339512,med,49
4.081876445339512,low,11
4.926876445339513,med,16
8.871876445339511,med,14
7.491876445339512,med,25
6.474876445339512,med,50
10.727876445339513,hi,15
8.339876445339511,med,30
7.879876445339512,med,6
6.258876445339513,med,5
5.402876445339512,med,48
6.990876445339512,med,23
7.829876445339512,med,23
5.742876445339513,med,33
4.204876445339512,med,9
7.817876445339513,med,37
3.120876445339513,hi,9
6.655876445339512,low,12
9.752876445339512,hi,11
6.5508764453395125,hi,48
7.014876445339512,med,5
9.072876445339512,med,47
5.083876445339512,med,17
5.136876445339512,med,29
5.078876445339512,low,9
7.073876445339512,med,13
6.942876445339512,med,35
6.654876445339513,med,26
6.329876445339512,med,33
7.1278764453395125,med,32
7.089876445339512,med,26
6.817876445339512,med,12
8.392876445339512,med,14
6.211876445339512,med,29
5.9628764453395124,med,11
7.359876445339513,hi,26
7.171876445339512,med,12
4.623876445339512,hi,10
6.668876445339512,med,33
7.633876445339512,hi,27
7.950876445339512,med,4
6.179876445339512,med,32
8.576876445339513,med,42
6.848876445339513,med,17
6.995876445339512,med,11
6.613876445339512,med,26
3.3528764453395126,med,45
6.365876445339512,hi,34
6.6518764453395125,med,16
11.320876445339513,med,46
10.372876445339513,hi,38
8.046876445339512,med,43
8.644876445339513,hi,12
7.733876445339512,med,5
8.242876445339512,med,22
10.552876445339512,hi,47
8.321876445339512,med,20
8.094876445339512,med,19
7.689876445339513,med,11
8.176876445339513,hi,48
7.891876445339513,low,19
5.812876445339512,med,28
8.567876445339513,med,23
5.8458764453395125,med,23
7.548876445339513,med,44
9.319876445339512,med,46
7.006876445339512,hi,43
5.916876445339512,med,4
5.814876445339513,hi,4
8.962876445339512,low,43
7.575876445339512,low,1
5.579876445339512,med,15
5.656876445339512,med,22
7.860876445339512,med,27
5.030876445339512,med,48
7.086876445339512,med,43
2.995876445339513,low,29
8.664876445339512,med,29
5.008876445339512,med,28
10.135876445339512,med,46
8.432876445339511,med,26
7.813876445339512,med,21
6.850876445339512,med,15
7.669876445339512,low,19
6.887876445339512,med,38
4.391876445339513,med,13
5.681876445339512,med,9
5.919876445339512,med,49
7.639876445339512,hi,5
7.022876445339512,med,30
7.6438764453395125,hi,30
5.727876445339512,hi,45
8.345876445339512,med,15
6.450876445339512,med,7
7.367876445339512,med,6
7.045876445339513,hi,31
5.422876445339512,med,9
7.828876445339512,med,36
8.277876445339512,med,1
6.954876445339512,med,25
8.910876445339513,med,42
7.188876445339512,med,41
8.105876445339513,hi,14
9.703876445339512,med,20
7.311876445339513,med,19
8.079876445339513,med,43
7.952876445339513,med,42
7.524876445339512,med,43
6.778876445339512,med,21
8.551876445339513,med,50
7.817876445339513,med,43
4.389876445339512,med,32
5.3458764453395125,med,16
5.820876445339512,med,49
5.8008764453395125,med,9
4.492876445339512,hi,49
5.4018764453395125,hi,22
8.243876445339511,med,6
11.258876445339512,hi,15
8.587876445339512,hi,7
8.2768764453395125,hi,35
7.173876445339513,med,48
5.022876445339512,low,10
4.9948764453395125,med,41
6.997876445339513,hi,14
8.156876445339512,med,46
5.883876445339513,med,12
7.234876445339513,med,39
6.503876445339512,med,24
7.013876445339513,med,46
5.947876445339512,hi,49
8.201876445339513,hi,37
8.949876445339513,med,23
7.628876445339513,low,43
7.767876445339512,med,35
6.946876445339512,med,29
6.363876445339512,med,50
11.201876445339513,hi,39
7.376876445339512,med,2
7.105876445339512,med,18
10.489876445339513,med,46
8.073876445339513,med,15
3.909876445339513,med,33
5.866876445339512,med,3
8.754876445339512,hi,33
9.246876445339511,med,40
4.931876445339512,hi,43
6.827876445339513,med,2
8.497876445339513,med,25
9.632876445339512,hi,24
8.667876445339513,low,4
10.562876445339512,hi,35
7.664876445339512,med,36
7.335876445339512,med,19
8.835876445339512,med,1
7.5958764453395125,med,36
6.562876445339512,med,43
8.001876445339512,hi,26
8.212876445339512,med,46
0.09987644533951237,low,33
7.444876445339512,low,26
7.390876445339512,med,30
10.598876445339512,hi,47
7.723876445339513,med,31
6.828876445339512,med,43
8.682876445339511,med,39
5.883876445339513,med,24
9.416876445339513,med,7
7.568876445339512,med,44
7.780876445339512,med,31
6.388876445339513,med,30
7.437876445339512,low,41
6.335876445339513,med,37
10.049876445339512,med,40
9.573876445339513,med,40
8.360876445339512,hi,21
6.916876445339512,med,19
7.186876445339513,med,28
7.195876445339512,med,5
10.567876445339513,hi,2
5.5188764453395125,low,30
7.1278764453395125,med,15
5.597876445339512,med,49
5.803876445339513,med,29
7.314876445339513,med,22
5.953876445339512,med,15
8.809876445339512,med,26
5.447876445339512,med,24
6.008876445339513,med,10
8.621876445339511,med,42
6.118876445339512,med,16
8.397876445339513,med,8
6.762876445339512,med,15
4.000876445339513,low,35
6.124876445339512,low,13
8.398876445339512,med,22
7.750876445339513,low,8
6.9628764453395124,med,14
6.0878764453395124,med,5
7.626876445339512,hi,30
9.144876445339513,med,18
5.020876445339512,low,36
9.172876445339513,med,47
7.379876445339512,med,47
7.076876445339512,low,26
7.278876445339512,med,31
7.562876445339512,hi,31
8.251876445339512,med,30
4.6038764453395125,med,11
6.545876445339513,med,8
8.516876445339513,med,46
6.799876445339512,med,32
5.573876445339512,med,49
6.112876445339512,med,17
8.269876445339513,med,11
7.415876445339512,med,1
7.2608764453395125,med,15
4.594876445339512,low,44
5.951876445339512,med,48
8.823876445339513,low,49
8.091876445339512,med,14
5.363876445339512,low,24
7.3088764453395125,med,39
5.556876445339512,med,36
6.721876445339513,med,50
8.405876445339512,med,36
6.721876445339513,med,24
7.818876445339512,med,27
4.797876445339512,med,29
8.222876445339512,med,26
6.612876445339513,low,44
7.463876445339512,med,19
6.856876445339513,med,42
8.145876445339512,hi,48
5.690876445339512,med,27
5.453876445339512,med,45
8.753876445339513,med,15
7.109876445339513,hi,16
5.4098764453395125,med,10
3.9488764453395127,med,13
4.6758764453395125,med,12
9.648876445339512,med,44
7.841876445339512,med,1
8.560876445339511,med,31
7.910876445339513,low,14
10.697876445339512,med,2
5.991876445339512,low,17
7.668876445339512,med,28
8.076876445339513,low,19
9.312876445339512,med,38
8.642876445339512,med,8
9.291876445339513,hi,33
5.253876445339513,med,33
6.487876445339512,med,16
6.857876445339512,med,36
7.713876445339512,med,1
8.220876445339512,med,32
7.854876445339512,med,32
12.719876445339512,hi,46
7.465876445339513,med,19
8.111876445339513,med,12
7.155876445339512,med,43
6.666876445339512,med,8
5.961876445339512,med,39
6.8938764453395125,med,6
7.654876445339513,med,6
7.013876445339513,med,17
12.034876445339512,hi,46
7.311876445339513,med,6
5.237876445339513,med,3
6.898876445339512,med,45
6.672876445339512,med,24
9.334876445339512,med,8
9.782876445339513,med,46
7.466876445339512,med,7
7.597876445339512,med,31
7.240876445339512,med,28
7.005876445339513,med,21
6.0878764453395124,hi,12
6.8938764453395125,med,1
5.288876445339512,low,28
5.176876445339512,low,29
7.4498764453395125,med,16
8.636876445339512,med,20
6.498876445339512,low,4
6.025876445339512,hi,9
8.549876445339512,med,6
7.169876445339512,med,21
7.757876445339512,med,20
10.366876445339512,hi,14
7.865876445339512,med,21
6.430876445339512,med,37
8.735876445339512,med,39
4.6038764453395125,low,37
8.489876445339512,low,49
5.448876445339512,med,34
6.021876445339513,med,23
8.158876445339512,med,33
6.267876445339512,med,44
7.814876445339513,med,48
8.116876445339512,med,15
8.050876445339513,med,43
6.533876445339512,med,35
6.6758764453395125,med,48
6.4628764453395124,med,27
7.5108764453395125,hi,39
6.732876445339512,med,17
4.795876445339513,med,10
6.052876445339512,med,27
5.8538764453395125,med,12
7.584876445339512,med,35
6.704876445339512,med,24
5.412876445339513,med,6
5.454876445339512,low,40
4.723876445339513,med,22
4.023876445339512,med,9
6.507876445339512,med,44
6.829876445339512,med,13
8.034876445339513,med,7
6.242876445339513,low,3
7.623876445339512,med,33
5.475876445339512,hi,22
7.715876445339513,med,13
6.015876445339512,hi,4
4.788876445339512,med,49
5.576876445339512,med,38
5.591876445339512,med,34
5.932876445339512,med,1
5.1118764453395125,med,22
9.044876445339513,med,38
4.948876445339512,med,33
8.814876445339513,med,36
10.422876445339513,low,19
7.179876445339512,med,4
6.081876445339512,med,14
8.204876445339513,med,1
10.018876445339513,med,29
5.208876445339512,med,18
6.833876445339512,med,30
6.649876445339512,med,38
6.904876445339513,hi,26
7.376876445339512,med,31
6.176876445339512,med,27
3.5538764453395126,low,29
4.6278764453395125,low,16
8.765876445339513,med,19
8.209876445339512,med,1
8.224876445339513,med,12
7.576876445339512,med,36
7.202876445339513,med,25
9.046876445339512,med,14
7.8458764453395125,med,36
7.580876445339513,med,49
7.348876445339513,med,27
6.607876445339512,med,50
5.491876445339512,med,11
6.235876445339512,med,3
4.326876445339512,low,18
7.483876445339512,hi,14
7.1278764453395125,med,29
4.097876445339512,med,33
6.864876445339513,med,6
9.487876445339513,med,47
7.445876445339512,hi,17
5.343876445339513,low,23
7.248876445339512,med,26
7.166876445339512,med,32
4.101876445339512,med,41
9.900876445339511,med,47
7.604876445339512,med,31
6.581876445339512,low,42
6.569876445339513,med,10
7.439876445339513,low,6
8.685876445339511,med,46
5.934876445339512,med,41
4.926876445339513,med,30
6.359876445339513,hi,19
8.541876445339513,med,46
7.940876445339512,med,43
5.656876445339512,med,37
8.426876445339513,hi,4
8.764876445339512,med,40
8.300876445339513,med,31
8.2768764453395125,med,6
7.436876445339513,low,32
6.638876445339513,med,17
7.257876445339512,med,18
4.432876445339512,low,16
8.087876445339512,med,6
4.429876445339512,hi,34
6.303876445339513,med,16
6.774876445339512,hi,21
7.640876445339512,med,26
6.503876445339512,low,50
7.899876445339512,med,42
6.6438764453395125,med,17
9.442876445339513,hi,38
8.473876445339512,med,39
7.806876445339512,low,40
8.139876445339512,med,39
8.372876445339513,med,35
4.713876445339512,med,37
5.190876445339512,low,44
6.604876445339512,med,44
6.757876445339512,med,27
5.533876445339512,med,10
4.477876445339512,hi,9
5.835876445339513,med,24
6.835876445339513,med,10
8.173876445339513,med,39
7.9498764453395125,med,31
8.327876445339513,hi,1
8.640876445339513,med,30
5.580876445339513,med,13
9.339876445339511,hi,40
10.370876445339512,hi,2
5.335876445339513,med,13
6.488876445339512,low,4
8.093876445339513,med,32
6.686876445339513,low,25
9.123876445339512,med,26
6.822876445339512,med,8
9.007876445339512,med,14
8.519876445339513,med,20
6.653876445339512,med,46
11.072876445339512,hi,35
8.544876445339513,med,20
7.1598764453395125,med,41
7.389876445339512,med,30
7.3008764453395125,med,42
6.999876445339512,med,32
9.100876445339512,hi,35
8.045876445339513,med,30
6.757876445339512,med,4
6.0828764453395125,med,42
8.702876445339513,hi,5
7.838876445339512,med,31
7.788876445339512,hi,48
6.826876445339512,med,33
7.035876445339512,med,44
7.5188764453395125,med,27
5.600876445339512,med,22
5.569876445339513,med,45
12.025876445339511,med,23
10.125876445339513,hi,46
4.238876445339512,med,22
8.254876445339512,med,29
7.278876445339512,med,28
7.209876445339512,med,34
10.166876445339513,hi,38
8.660876445339513,med,2
6.129876445339512,med,32
7.2768764453395125,med,46
6.810876445339512,med,2
9.219876445339512,hi,40
7.742876445339512,med,28
5.187876445339512,low,25
5.326876445339512,med,33
7.148876445339512,med,45
7.463876445339512,hi,48
6.391876445339513,med,3
3.092876445339513,low,33
4.642876445339512,low,11
7.213876445339512,med,11
8.628876445339513,med,50
8.768876445339513,hi,42
8.696876445339512,low,27
7.923876445339513,med,30
7.275876445339512,low,50
7.365876445339512,med,24
7.206876445339512,med,50
8.122876445339513,med,2
6.367876445339513,med,49
8.185876445339511,med,38
5.7288764453395125,med,41
9.440876445339512,med,29
6.789876445339512,low,8
6.458876445339512,med,43
7.578876445339512,med,30
6.778876445339512,med,24
7.6038764453395125,med,2
8.116876445339512,low,14
6.702876445339513,med,32
6.227876445339512,med,11
7.250876445339513,med,2
9.194876445339512,hi,25
6.415876445339512,med,17
2.426876445339513,low,33
6.192876445339512,med,11
6.8008764453395125,low,8
7.1118764453395125,med,30
5.160876445339512,low,21
5.227876445339512,med,37
8.072876445339512,med,50
4.446876445339512,low,18
6.864876445339513,med,22
6.326876445339512,med,2
8.432876445339511,med,14
5.810876445339512,med,36
9.224876445339513,hi,39
7.8618764453395125,med,35
8.444876445339512,med,50
7.742876445339512,med,26
6.1598764453395125,med,22
7.130876445339513,med,46
5.729876445339512,med,34
5.860876445339512,hi,3
6.739876445339513,med,15
6.378876445339512,med,34
6.307876445339512,med,4
6.7448764453395125,med,14
8.121876445339511,med,24
5.531876445339512,med,49
7.118876445339512,low,19
8.0268764453395125,med,5
5.930876445339512,med,22
8.649876445339512,med,35
7.351876445339512,med,40
6.204876445339512,med,18
5.1358764453395125,med,27
8.311876445339513,hi,45
6.210876445339513,hi,32
6.097876445339512,hi,45
6.921876445339512,med,26
4.748876445339512,low,36
5.455876445339513,med,33
5.931876445339512,med,6
10.985876445339512,med,47
8.653876445339511,med,42
6.098876445339513,med,36
10.178876445339514,med,47
7.414876445339512,med,30
8.347876445339512,med,12
6.960876445339513,med,5
7.789876445339512,med,1
7.700876445339512,low,43
6.618876445339512,med,50
7.753876445339513,med,28
6.825876445339512,med,7
4.256876445339512,med,3
7.5748764453395125,med,4
6.281876445339512,med,6
10.099876445339513,med,40
9.116876445339512,hi,40
5.701876445339512,low,36
8.489876445339512,med,31
5.080876445339513,med,21
4.598876445339513,low,46
5.797876445339512,med,2
8.1518764453395125,med,11
7.895876445339512,hi,34
7.264876445339512,med,40
6.531876445339512,med,31
7.493876445339512,med,15
8.541876445339513,med,45
4.600876445339512,med,34
7.745876445339512,med,12
4.932876445339512,med,36
8.623876445339512,med,19
9.321876445339512,hi,29
7.537876445339513,med,48
5.809876445339512,med,36
7.4178764453395125,med,45
9.110876445339512,med,47
6.758876445339512,med,38
6.046876445339512,med,27
4.328876445339512,low,25
2.9088764453395126,low,29
6.729876445339512,med,20
6.607876445339512,low,21
4.245876445339512,med,9
7.011876445339512,med,50
9.088876445339512,med,2
6.557876445339512,med,5
5.647876445339512,med,27
5.862876445339512,med,41
6.2288764453395125,med,41
6.524876445339513,low,13
6.685876445339512,med,41
6.804876445339512,hi,12
5.434876445339512,med,11
7.725876445339512,med,31
7.077876445339513,med,35
6.634876445339512,hi,45
8.137876445339513,hi,28
7.219876445339512,med,5
4.410876445339513,hi,27
7.366876445339512,med,20
9.991876445339512,hi,35
6.982876445339512,hi,36
7.831876445339512,med,31
6.437876445339512,med,19
7.165876445339512,med,18
5.655876445339512,med,5
9.217876445339511,hi,12
7.521876445339513,med,48
11.886876445339512,hi,38
5.008876445339512,med,16
4.976876445339512,med,13
7.057876445339512,low,45
7.883876445339512,med,5
7.724876445339512,med,19
5.586876445339512,med,15
7.4418764453395125,med,13
5.400876445339512,med,30
6.306876445339512,med,25
7.469876445339512,med,28
7.717876445339512,med,27
8.079876445339513,med,11
8.577876445339513,med,1
7.9788764453395125,med,5
8.405876445339512,med,38
6.0748764453395125,med,18
8.560876445339511,hi,44
6.351876445339513,med,41
7.5108764453395125,med,42
5.514876445339512,med,34
7.091876445339512,med,48
7.701876445339512,med,8
8.770876445339512,med,7
6.056876445339513,med,9
6.115876445339512,med,10
6.380876445339513,med,10
7.4098764453395125,hi,1
5.211876445339512,med,23
8.858876445339513,med,37
6.161876445339512,low,24
6.568876445339512,med,32
5.972876445339512,med,3
7.508876445339512,med,1
6.005876445339513,med,37
5.2078764453395125,hi,22
8.270876445339512,med,25
8.812876445339512,med,20
3.486876445339513,low,37
8.195876445339513,med,26
7.069876445339512,med,13
6.676876445339512,med,28
6.943876445339512,med,31
6.515876445339512,med,30
6.9338764453395125,med,50
8.482876445339512,hi,5
7.370876445339512,hi,16
9.589876445339511,med,35
8.360876445339512,low,41
6.765876445339512,med,34
5.856876445339513,med,7
8.433876445339513,med,23
7.922876445339512,low,7
4.705876445339513,med,13
6.168876445339512,med,28
1.659876445339513,low,23
8.885876445339512,hi,2
6.787876445339513,med,4
5.913876445339512,med,41
8.953876445339512,med,1
7.022876445339512,med,38
5.469876445339512,med,22
7.640876445339512,hi,47
6.529876445339513,med,10
6.231876445339513,hi,27
6.331876445339512,low,10
8.924876445339512,hi,7
6.147876445339512,hi,32
7.386876445339512,med,5
5.846876445339512,med,28
7.373876445339512,med,21
6.763876445339513,med,30
7.602876445339512,med,36
8.454876445339513,med,46
7.3378764453395124,med,20
7.983876445339512,med,50
6.227876445339512,med,24
8.534876445339512,hi,5
7.262876445339512,med,48
8.128876445339513,med,6
8.201876445339513,med,20
7.990876445339512,med,19
7.168876445339512,med,39
7.251876445339512,med,1
7.892876445339512,low,4
7.145876445339512,med,14
9.063876445339512,med,20
6.825876445339512,med,3
6.950876445339512,hi,13
7.0878764453395124,med,22
13.415876445339512,hi,29
6.498876445339512,med,42
3.1658764453395127,hi,9
6.368876445339512,med,10
6.734876445339513,low,9
9.167876445339513,med,18
8.655876445339512,hi,44
6.879876445339512,hi,1
6.008876445339513,med,36
5.352876445339512,low,3
8.148876445339512,med,13
8.639876445339512,med,7
6.979876445339512,med,25
7.727876445339512,med,33
5.6998764453395125,hi,22
4.577876445339513,med,34
7.905876445339512,med,12
8.066876445339513,med,12
5.1118764453395125,low,24
8.785876445339513,med,15
3.8488764453395126,med,9
6.886876445339512,med,38
7.956876445339512,med,48
7.7688764453395125,med,39
9.615876445339513,med,40
8.762876445339513,med,23
4.302876445339512,med,49
8.497876445339513,med,18
9.827876445339513,hi,15
5.6438764453395125,low,23
8.866876445339512,med,20
8.273876445339512,med,8
5.492876445339513,low,2
6.162876445339513,med,5
6.033876445339512,med,24
6.748876445339512,med,47
8.419876445339513,med,50
7.101876445339512,med,2
10.564876445339513,hi,18
7.364876445339513,med,8
8.504876445339512,med,5
4.751876445339512,med,9
7.862876445339513,med,12
11.500876445339513,hi,46
7.684876445339512,med,15
10.047876445339513,hi,44
4.928876445339513,med,13
7.354876445339512,low,7
7.654876445339513,med,8
7.120876445339512,med,12
7.974876445339512,hi,1
6.652876445339512,med,49
5.286876445339512,med,16
6.024876445339513,med,16
4.075876445339512,med,3
6.998876445339512,med,32
5.791876445339512,med,16
